ID,Sesion,Nivel,Intento,Tiempo inicio,Tiempo final,Tiempo duracion,Completado,Reglas planificacion cumplidas,%Reglas respetadas ejecucion,Pasos planificados,Pasos ejecutados,Errores ejecucion,Num dormir planificado,Correctos dormir,Errores dormir,Num ubicacion planificado,Correctos ubicacion,Errores ubicacion,Paradas posibles,Paradas realizadas,Errores parada por tiempo excedido,Num errores por tiempo excedido,% Aciertos,% Mal
10,1,1,1,15:04:04.517,15:06:53.177,168.66,False,False,100,0,0,0,0,0,0,0,0,0,1,0,0,0,0 planificado,0 planificado
10,1,1,2,15:06:53.177,15:08:14.430,81.253,False,False,100,0,0,0,0,0,0,0,0,0,1,1,0,0,0 planificado,0 planificado
10,1,1,3,15:08:14.430,15:10:38.193,143.763,False,False,100,2,2,0,1,1,0,1,1,0,2,1,0,0,100.0,0.0
10,1,1,4,15:10:38.193,15:13:31.337,173.144,False,False,75,5,4,1,4,4,0,1,0,1,1,0,0,0,80.0,20.0
10,1,1,5,15:13:31.337,15:16:31.771,180.434,False,False,100,2,2,0,1,1,0,1,1,0,2,1,0,0,100.0,0.0
10,1,1,6,15:16:31.771,15:18:37.553,125.782,False,False,75,2,1,1,2,1,1,0,0,0,1,0,0,0,50.0,50.0
10,1,1,7,15:18:37.553,15:20:46.000,128.447,False,True,75,3,2,1,2,2,0,1,0,1,4,3,0,0,66.66666666666667,33.33333333333333
10,3,1,1,14:15:08.014,14:18:26.124,198.11,True,True,100,4,4,0,2,2,0,2,2,0,4,3,0,0,100.0,0.0
10,3,2,1,14:18:26.124,14:33:17.624,891.5,False,True,75,4,4,0,2,2,0,2,2,0,4,2,1,1,100.0,0.0
10,3,3,1,14:33:17.624,14:35:15.423,117.799,False,True,75,1,0,1,1,0,1,0,0,0,3,2,0,1,0.0,100.0
10,3,3,2,14:35:15.423,14:36:43.433,88.01,False,False,100,0,0,0,0,0,0,0,0,0,2,1,0,0,0 planificado,0 planificado
10,3,3,3,14:36:43.433,14:38:15.556,92.123,False,True,75,4,3,1,2,2,0,2,1,1,4,3,0,0,75.0,25.0
10,3,3,4,14:38:15.556,14:41:08.214,172.658,True,True,100,4,4,0,2,2,0,2,2,0,4,3,0,0,100.0,0.0
10,3,1,1,14:41:08.214,14:41:36.785,28.571,False,False,100,0,0,0,0,0,0,0,0,0,0,0,0,0,0 planificado,0 planificado
11,1,1,1,14:22:08.352,14:23:43.704,95.352,False,False,100,0,0,0,0,0,0,0,0,0,1,1,0,0,0 planificado,0 planificado
11,1,1,2,14:23:43.704,14:26:22.464,158.76,False,False,100,0,0,0,0,0,0,0,0,0,1,1,0,0,0 planificado,0 planificado
11,1,1,3,14:26:22.464,14:28:12.884,110.42,True,True,100,0,0,0,0,0,0,0,0,0,0,0,0,0,0 planificado,0 planificado
11,1,1,4,14:28:12.884,14:29:14.660,61.776,False,True,75,2,1,1,2,1,1,0,0,0,1,0,0,0,50.0,50.0
11,1,1,5,14:29:14.660,14:31:33.694,139.034,False,True,75,4,3,1,2,2,0,2,1,1,4,3,0,0,75.0,25.0
11,1,1,6,14:31:33.694,14:33:47.295,133.601,True,True,100,4,4,0,2,2,0,2,2,0,4,3,0,0,100.0,0.0
11,1,2,1,14:33:47.295,14:36:27.066,159.771,False,True,75,3,2,1,2,2,0,1,0,1,3,2,0,0,66.66666666666667,33.33333333333333
11,1,2,2,14:36:27.066,14:38:26.067,119.001,True,True,100,3,3,0,2,2,0,1,1,0,3,0,0,0,100.0,0.0
11,1,2,3,14:38:26.067,14:41:54.930,208.863,False,True,75,4,4,0,2,2,0,2,2,0,4,2,1,1,100.0,0.0
11,1,3,1,14:41:54.930,14:43:50.888,115.958,False,True,75,2,1,1,1,1,0,1,0,1,4,3,0,0,50.0,50.0
11,1,3,2,14:43:50.888,14:45:59.368,128.48,True,True,100,4,4,0,2,2,0,2,2,0,4,3,0,0,100.0,0.0
11,3,1,1,14:13:54.844,14:16:36.213,161.369,False,True,75,3,2,1,2,2,0,1,0,1,3,2,0,0,66.66666666666667,33.33333333333333
11,3,1,2,14:16:36.213,14:17:54.671,78.458,False,True,75,2,1,1,2,1,1,0,0,0,2,2,0,0,50.0,50.0
11,3,1,3,14:17:54.671,14:20:12.099,137.428,True,True,100,4,4,0,2,2,0,2,2,0,4,4,0,0,100.0,0.0
11,3,2,1,14:20:12.099,14:23:53.796,221.697,True,True,100,4,4,0,2,2,0,2,2,0,4,2,0,0,100.0,0.0
11,3,3,1,14:23:53.796,14:26:14.354,140.558,False,True,75,2,1,1,1,1,0,1,0,1,4,3,0,0,50.0,50.0
11,3,3,2,14:26:14.354,14:29:18.329,183.975,True,True,100,4,4,0,2,2,0,2,2,0,4,3,0,0,100.0,0.0
11,3,1,1,14:29:18.329,14:29:18.332,0.003,False,False,100,0,0,0,0,0,0,0,0,0,0,0,0,0,0 planificado,0 planificado
13,1,1,1,14:19:57.019,14:22:37.777,160.758,False,False,100,0,0,0,0,0,0,0,0,0,1,1,0,0,0 planificado,0 planificado
13,1,1,2,14:22:37.777,14:25:35.893,178.116,False,False,100,2,2,0,1,1,0,1,1,0,2,2,0,0,100.0,0.0
13,1,1,3,14:25:35.893,14:26:32.030,56.137,False,False,100,1,1,0,1,1,0,0,0,0,1,0,0,0,100.0,0.0
13,1,2,1,14:26:32.030,14:30:17.974,225.944,False,False,100,2,2,0,1,1,0,1,1,0,4,3,0,0,100.0,0.0
13,1,2,2,14:30:17.974,14:30:43.155,25.181,False,False,100,0,0,0,0,0,0,0,0,0,0,0,0,0,0 planificado,0 planificado
13,1,3,1,14:30:43.155,14:30:51.920,8.765,False,False,100,0,0,0,0,0,0,0,0,0,0,0,0,0,0 planificado,0 planificado
13,1,3,2,14:30:51.920,14:32:26.414,94.494,False,False,50,2,1,1,1,1,0,1,0,1,3,2,1,1,50.0,50.0
13,1,3,3,14:32:26.414,14:33:28.259,61.845,False,False,100,2,2,0,1,1,0,1,1,0,4,4,0,0,100.0,0.0
13,3,1,1,14:15:31.568,14:19:14.461,222.893,False,False,100,2,2,0,1,1,0,1,1,0,4,3,0,0,100.0,0.0
13,3,1,2,14:19:14.461,14:25:11.114,356.653,False,False,100,3,3,0,2,2,0,1,1,0,4,3,0,0,100.0,0.0
13,3,1,3,14:25:11.114,14:28:18.519,187.405,False,False,100,3,3,0,2,2,0,1,1,0,4,3,0,0,100.0,0.0
13,3,2,1,14:28:18.519,14:31:59.001,220.482,False,True,75,2,2,0,2,2,0,0,0,0,2,1,1,1,100.0,0.0
13,3,2,2,14:31:59.001,14:35:10.769,191.768,True,True,100,3,3,0,2,2,0,1,1,0,4,3,0,0,100.0,0.0
13,3,3,1,14:35:10.769,14:37:54.641,163.872,False,True,75,3,2,1,2,2,0,1,0,1,2,1,0,0,66.66666666666667,33.33333333333333
13,3,3,2,14:37:54.641,14:40:03.212,128.571,True,True,100,4,4,0,2,2,0,2,2,0,4,3,0,0,100.0,0.0
15,1,1,1,15:03:20.042,15:05:27.916,127.874,False,False,100,0,0,0,0,0,0,0,0,0,0,0,0,0,0 planificado,0 planificado
15,1,1,2,15:05:27.916,15:11:40.468,372.552,False,False,100,0,0,0,0,0,0,0,0,0,1,1,0,0,0 planificado,0 planificado
15,1,1,3,15:11:40.468,15:14:35.482,175.014,False,False,100,0,0,0,0,0,0,0,0,0,1,0,0,0,0 planificado,0 planificado
15,1,2,1,15:14:35.482,15:18:39.148,243.666,False,False,75,0,0,0,0,0,0,0,0,0,2,0,2,2,0 planificado,0 planificado
15,1,2,2,15:18:39.148,15:20:07.463,88.315,False,False,100,0,0,0,0,0,0,0,0,0,2,0,0,0,0 planificado,0 planificado
16,1,1,1,15:29:42.390,15:33:17.847,215.457,False,False,100,0,0,0,0,0,0,0,0,0,1,1,0,0,0 planificado,0 planificado
16,1,1,2,15:33:17.847,15:34:41.535,83.688,False,False,100,0,0,0,0,0,0,0,0,0,0,0,0,0,0 planificado,0 planificado
16,1,1,3,15:34:41.535,15:37:23.710,162.175,False,False,100,1,1,0,0,0,0,1,1,0,2,2,0,0,100.0,0.0
16,1,1,4,15:37:23.710,15:40:07.396,163.686,False,False,75,1,0,1,0,0,0,1,0,1,2,1,0,0,0.0,100.0
16,1,2,1,15:40:07.396,15:42:48.934,161.538,False,False,50,1,0,1,0,0,0,1,0,1,3,1,1,1,0.0,100.0
16,1,1,1,15:42:48.934,15:46:00.232,191.298,False,False,100,1,1,0,0,0,0,1,1,0,2,2,0,0,100.0,0.0
16,1,2,1,15:46:00.232,15:50:51.005,290.773,False,False,50,2,1,1,1,1,0,1,0,1,3,2,1,1,50.0,50.0
16,1,2,2,15:50:51.005,15:55:50.529,299.524,False,False,100,2,2,0,1,1,0,1,1,0,4,4,0,0,100.0,0.0
16,3,1,1,15:00:03.742,15:03:51.380,227.638,False,False,100,2,2,0,1,1,0,1,1,0,2,2,0,0,100.0,0.0
16,3,1,2,15:03:51.380,15:07:08.980,197.6,False,False,75,2,2,0,1,1,0,1,1,0,2,1,1,1,100.0,0.0
16,3,2,1,15:07:08.980,15:11:50.623,281.643,False,False,100,1,1,0,1,1,0,0,0,0,3,3,0,0,100.0,0.0
16,3,2,2,15:11:50.623,15:15:43.972,233.349,False,False,100,2,2,0,1,1,0,1,1,0,3,3,0,0,100.0,0.0
16,3,3,1,15:15:43.972,15:19:30.920,226.948,False,False,100,2,2,0,1,1,0,1,1,0,2,2,0,0,100.0,0.0
16,3,1,1,15:19:30.920,15:23:30.830,239.91,False,True,75,4,4,0,2,2,0,2,2,0,4,3,1,1,100.0,0.0
16,3,2,1,15:23:30.830,15:29:21.792,350.962,False,True,75,4,4,0,2,2,0,2,2,0,4,2,2,2,100.0,0.0
16,3,3,1,15:29:21.792,15:36:00.935,399.143,False,True,75,4,3,1,2,2,0,2,1,1,4,4,0,0,75.0,25.0
16,3,3,2,15:36:00.935,15:36:46.952,46.017,False,False,100,0,0,0,0,0,0,0,0,0,0,0,0,0,0 planificado,0 planificado
17,1,1,1,14:23:03.711,14:25:02.794,119.083,False,False,100,0,0,0,0,0,0,0,0,0,1,1,0,0,0 planificado,0 planificado
17,1,1,2,14:25:02.794,14:27:34.717,151.923,False,False,100,0,0,0,0,0,0,0,0,0,1,1,0,0,0 planificado,0 planificado
17,1,1,3,14:27:34.717,14:29:37.620,122.903,False,False,100,2,2,0,2,2,0,0,0,0,1,1,0,0,100.0,0.0
17,1,1,4,14:29:37.620,14:31:19.958,102.338,False,False,75,3,2,1,2,2,0,1,0,1,1,1,0,0,66.66666666666667,33.33333333333333
17,1,1,5,14:31:19.958,14:32:13.378,53.42,False,False,100,2,2,0,2,2,0,0,0,0,0,0,0,0,100.0,0.0
17,1,1,6,14:32:13.378,14:34:35.589,142.211,False,False,100,4,4,0,2,2,0,2,2,0,1,1,0,0,100.0,0.0
17,1,1,7,14:34:35.589,14:36:38.967,123.378,False,False,100,3,3,0,2,2,0,1,1,0,2,2,0,0,100.0,0.0
17,1,1,8,14:36:38.967,14:37:52.044,73.077,False,False,100,0,0,0,0,0,0,0,0,0,2,2,0,0,0 planificado,0 planificado
17,1,1,9,14:37:52.044,14:40:03.021,130.977,False,False,100,4,4,0,2,2,0,2,2,0,4,4,0,0,100.0,0.0
17,1,2,1,14:40:03.021,14:42:08.964,125.943,False,True,75,1,0,1,0,0,0,1,0,1,2,2,0,0,0.0,100.0
17,1,2,2,14:42:08.964,14:45:28.196,199.232,True,True,100,4,4,0,2,2,0,2,2,0,4,4,0,0,100.0,0.0
17,1,3,1,14:45:28.196,14:47:23.112,114.916,True,True,100,5,5,0,2,2,0,3,3,0,4,4,0,0,100.0,0.0
17,3,1,1,14:14:43.812,14:17:46.072,182.26,False,False,75,3,2,1,2,2,0,1,0,1,4,4,0,0,66.66666666666667,33.33333333333333
17,3,1,2,14:17:46.072,14:21:59.767,253.695,False,False,100,3,3,0,2,2,0,1,1,0,4,4,0,0,100.0,0.0
17,3,1,3,14:21:59.767,14:28:30.420,390.653,False,False,100,3,3,0,2,2,0,1,1,0,4,4,0,0,100.0,0.0
17,3,1,4,14:28:30.420,14:31:57.052,206.632,False,False,100,0,0,0,0,0,0,0,0,0,2,2,0,0,0 planificado,0 planificado
17,3,2,1,14:31:57.052,14:37:24.618,327.566,False,False,100,3,3,0,2,2,0,1,1,0,4,4,0,0,100.0,0.0
17,3,3,1,14:37:24.618,14:43:56.411,391.793,False,False,100,4,4,0,2,2,0,2,2,0,4,4,0,0,100.0,0.0
17,3,1,1,14:43:56.411,14:44:49.452,53.041,False,False,75,0,0,0,0,0,0,0,0,0,1,0,1,1,0 planificado,0 planificado
18,1,1,1,14:41:30.786,14:44:38.466,187.68,False,False,100,0,0,0,0,0,0,0,0,0,1,0,0,0,0 planificado,0 planificado
18,1,1,2,14:44:38.466,14:46:25.315,106.849,False,False,100,1,1,0,1,1,0,0,0,0,0,0,0,0,100.0,0.0
18,1,1,3,14:46:25.315,14:50:31.503,246.188,False,False,75,4,1,3,1,1,0,3,0,3,2,1,0,0,25.0,75.0
18,1,1,4,14:50:31.503,14:51:41.265,69.762,False,False,75,2,1,1,1,1,0,1,0,1,0,0,0,0,50.0,50.0
18,1,1,5,14:51:41.265,14:53:44.613,123.348,False,False,100,5,5,0,2,2,0,3,3,0,2,0,0,0,100.0,0.0
18,1,1,6,14:53:44.613,14:55:21.747,97.134,False,False,100,5,5,0,2,2,0,3,3,0,2,1,0,0,100.0,0.0
18,1,1,1,14:56:41.369,14:57:50.278,68.909,False,False,100,1,1,0,1,1,0,0,0,0,0,0,0,0,100.0,0.0
18,1,1,2,14:57:50.278,15:00:04.877,134.599,True,True,100,5,5,0,2,2,0,3,3,0,4,3,0,0,100.0,0.0
18,1,2,1,15:00:04.877,15:04:05.779,240.902,True,True,100,4,4,0,2,2,0,2,2,0,4,3,0,0,100.0,0.0
18,1,3,1,15:04:05.779,15:06:20.767,134.988,False,True,75,2,1,1,1,1,0,1,0,1,4,3,0,0,50.0,50.0
18,1,3,2,15:06:20.767,15:08:13.571,112.804,False,False,75,3,2,1,2,2,0,1,0,1,4,3,0,0,66.66666666666667,33.33333333333333
18,1,3,3,15:08:13.571,15:10:48.397,154.826,True,True,100,0,0,0,0,0,0,0,0,0,4,2,0,0,0 planificado,0 planificado
18,1,3,4,15:10:48.397,15:12:14.966,86.569,False,False,100,0,0,0,0,0,0,0,0,0,0,0,0,0,0 planificado,0 planificado
18,3,1,1,15:06:50.654,15:08:51.629,120.975,False,True,75,3,2,1,2,2,0,1,0,1,3,2,0,0,66.66666666666667,33.33333333333333
18,3,1,2,15:08:51.629,15:12:14.783,203.154,True,True,100,5,5,0,2,2,0,3,3,0,4,3,0,0,100.0,0.0
18,3,2,1,15:12:14.783,15:14:34.972,140.189,False,True,75,2,1,1,1,0,1,1,1,0,2,2,0,1,50.0,50.0
18,3,2,2,15:14:34.972,15:19:02.477,267.505,True,True,100,4,4,0,2,2,0,2,2,0,4,3,0,0,100.0,0.0
18,3,3,1,15:19:02.477,15:21:08.639,126.162,False,True,75,3,2,1,2,2,0,1,0,1,3,2,0,0,66.66666666666667,33.33333333333333
18,3,3,2,15:21:08.639,15:26:17.052,308.413,True,True,100,4,4,0,2,2,0,2,2,0,4,3,0,0,100.0,0.0
18,3,3,3,15:26:17.052,15:43:52.111,1055.059,False,True,75,3,2,1,2,2,0,1,0,1,2,2,0,0,66.66666666666667,33.33333333333333
18,3,1,1,15:43:52.111,15:43:52.114,0.003,False,False,100,0,0,0,0,0,0,0,0,0,0,0,0,0,0 planificado,0 planificado
19,1,1,1,14:22:36.656,14:23:50.879,74.223,False,False,100,0,0,0,0,0,0,0,0,0,1,0,0,0,0 planificado,0 planificado
19,1,1,2,14:23:50.879,14:28:57.300,306.421,False,True,50,16,9,7,5,3,2,11,6,5,4,2,0,0,56.25,43.75
19,1,1,3,14:28:57.300,14:32:27.714,210.414,True,True,100,6,6,0,1,1,0,5,5,0,4,4,0,0,100.0,0.0
19,1,1,4,14:32:27.714,14:35:42.014,194.3,False,True,75,7,6,1,2,2,0,5,4,1,4,4,0,0,85.71428571428571,14.285714285714292
19,1,1,5,14:35:42.014,14:38:57.186,195.172,False,True,75,3,2,1,2,2,0,1,0,1,2,1,0,0,66.66666666666667,33.33333333333333
19,1,1,6,14:38:57.186,14:43:21.606,264.42,True,True,100,7,7,0,2,2,0,5,5,0,4,4,0,0,100.0,0.0
19,1,2,1,14:43:21.606,14:48:20.692,299.086,True,True,100,5,5,0,2,2,0,3,3,0,4,4,0,0,100.0,0.0
19,1,3,1,14:48:20.692,14:50:51.188,150.496,True,True,100,4,4,0,2,2,0,2,2,0,4,4,0,0,100.0,0.0
19,3,1,1,14:14:22.689,14:19:59.749,337.06,True,True,100,8,8,0,2,2,0,6,6,0,4,4,0,0,100.0,0.0
19,3,2,1,14:19:59.749,14:21:14.534,74.785,True,True,100,0,0,0,0,0,0,0,0,0,0,0,0,0,0 planificado,0 planificado
19,3,2,2,14:21:14.534,14:25:43.947,269.413,True,True,100,5,5,0,2,2,0,3,3,0,4,4,0,0,100.0,0.0
19,3,3,1,14:25:43.947,14:29:53.989,250.042,False,True,75,5,3,2,1,1,0,4,2,2,4,4,0,0,60.0,40.0
19,3,3,2,14:29:53.989,14:32:03.553,129.564,True,True,100,9,9,0,2,2,0,7,7,0,4,4,0,0,100.0,0.0
1,2,1,1,15:03:08.992,15:10:19.897,430.905,False,False,100,0,0,0,0,0,0,0,0,0,1,0,0,0,0 planificado,0 planificado
21,1,1,1,15:25:15.288,15:28:19.596,184.308,False,False,100,0,0,0,0,0,0,0,0,0,1,1,0,0,0 planificado,0 planificado
21,1,1,2,15:28:19.596,15:30:33.491,133.895,False,False,100,0,0,0,0,0,0,0,0,0,1,0,0,0,0 planificado,0 planificado
21,1,1,3,15:30:33.491,15:32:57.636,144.145,False,False,100,1,1,0,1,1,0,0,0,0,2,2,0,0,100.0,0.0
21,1,1,4,15:32:57.636,15:35:25.737,148.101,False,False,100,2,2,0,1,1,0,1,1,0,2,1,0,0,100.0,0.0
21,1,1,5,15:35:25.737,15:38:19.551,173.814,False,False,100,3,3,0,1,1,0,2,2,0,2,2,0,0,100.0,0.0
21,1,2,1,15:38:19.551,15:42:19.447,239.896,False,True,75,4,3,1,2,2,0,2,1,1,4,4,0,0,75.0,25.0
21,1,3,1,15:42:19.447,15:45:16.383,176.936,False,False,100,5,5,0,2,2,0,3,3,0,4,4,0,0,100.0,0.0
21,1,3,2,15:45:16.383,15:47:52.939,156.556,False,True,75,6,5,1,2,2,0,4,3,1,4,4,0,0,83.33333333333333,16.66666666666667
21,1,3,3,15:47:52.939,15:49:51.077,118.138,False,False,75,6,5,1,2,2,0,4,3,1,4,4,0,0,83.33333333333333,16.66666666666667
21,1,3,4,15:49:51.077,15:51:25.871,94.794,False,False,100,4,4,0,1,1,0,3,3,0,4,4,0,0,100.0,0.0
21,3,1,1,15:05:45.125,15:08:17.377,152.252,False,False,100,4,4,0,1,1,0,3,3,0,4,4,0,0,100.0,0.0
21,3,1,2,15:08:17.377,15:10:40.174,142.797,False,False,100,4,4,0,1,1,0,3,3,0,4,4,0,0,100.0,0.0
21,3,1,3,15:10:40.174,15:13:24.558,164.384,False,False,100,6,6,0,2,2,0,4,4,0,4,4,0,0,100.0,0.0
21,3,2,1,15:13:24.558,15:16:07.609,163.051,False,True,75,5,4,1,3,2,1,2,2,0,4,4,0,1,80.0,20.0
21,3,2,2,15:16:07.609,15:18:20.726,133.117,False,True,75,5,4,1,3,3,0,2,1,1,4,4,0,0,80.0,20.0
21,3,2,3,15:18:20.726,15:21:30.015,189.289,False,False,100,5,5,0,3,3,0,2,2,0,4,4,0,0,100.0,0.0
21,3,3,1,15:21:30.015,15:23:06.845,96.83,True,True,100,1,1,0,1,1,0,0,0,0,0,0,0,0,100.0,0.0
21,3,3,2,15:23:06.845,15:25:12.441,125.596,False,False,100,5,5,0,2,2,0,3,3,0,4,4,0,0,100.0,0.0
21,3,3,3,15:25:12.441,15:26:31.079,78.638,False,False,100,0,0,0,0,0,0,0,0,0,1,1,0,0,0 planificado,0 planificado
21,3,3,4,15:26:31.079,15:28:52.805,141.726,False,False,75,4,3,1,2,2,0,2,1,1,3,3,0,0,75.0,25.0
21,3,3,5,15:28:52.805,15:31:38.862,166.057,False,False,100,3,3,0,1,1,0,2,2,0,4,4,0,0,100.0,0.0
21,3,3,6,15:31:38.862,15:33:38.043,119.181,False,False,100,0,0,0,0,0,0,0,0,0,2,2,0,0,0 planificado,0 planificado
21,3,3,7,15:33:38.043,15:35:42.819,124.776,False,True,75,5,4,1,2,2,0,3,2,1,4,4,0,0,80.0,20.0
21,3,3,8,15:35:42.819,15:36:45.811,62.992,True,True,100,0,0,0,0,0,0,0,0,0,2,1,0,0,0 planificado,0 planificado
21,3,3,9,15:36:45.811,15:37:37.418,51.607,True,True,100,0,0,0,0,0,0,0,0,0,2,1,0,0,0 planificado,0 planificado
21,3,3,10,15:37:37.418,15:39:15.246,97.828,False,True,75,3,2,1,2,2,0,1,0,1,3,3,0,0,66.66666666666667,33.33333333333333
21,3,3,11,15:39:15.246,15:51:06.616,711.37,True,True,100,5,5,0,2,2,0,3,3,0,4,4,0,0,100.0,0.0
21,3,1,1,15:51:06.616,15:51:06.619,0.003,False,False,100,0,0,0,0,0,0,0,0,0,0,0,0,0,0 planificado,0 planificado
22,1,1,1,15:16:10.840,15:19:01.309,170.469,False,False,100,0,0,0,0,0,0,0,0,0,1,1,0,0,0 planificado,0 planificado
22,1,1,2,15:19:01.309,15:21:32.368,151.059,False,False,100,0,0,0,0,0,0,0,0,0,1,1,0,0,0 planificado,0 planificado
22,1,2,1,15:21:32.368,15:25:29.075,236.707,False,False,100,2,2,0,1,1,0,1,1,0,3,3,0,0,100.0,0.0
22,1,2,2,15:25:29.075,15:29:13.092,224.017,False,False,100,0,0,0,0,0,0,0,0,0,2,2,0,0,0 planificado,0 planificado
22,1,2,3,15:29:13.092,15:34:29.189,316.097,False,False,100,4,4,0,2,2,0,2,2,0,3,3,0,0,100.0,0.0
22,1,2,4,15:34:29.189,15:38:46.956,257.767,True,True,100,4,4,0,2,2,0,2,2,0,4,4,0,0,100.0,0.0
22,1,3,1,15:38:46.956,15:41:21.069,154.113,False,True,75,4,3,1,2,2,0,2,1,1,4,4,0,0,75.0,25.0
22,1,3,2,15:41:21.069,15:43:29.980,128.911,True,True,100,5,5,0,2,2,0,3,3,0,4,4,0,0,100.0,0.0
22,3,1,1,14:59:31.381,15:02:47.426,196.045,False,False,75,4,2,2,2,2,0,2,0,2,2,2,0,0,50.0,50.0
22,3,1,2,15:02:47.426,15:04:17.463,90.037,False,False,75,3,2,1,2,2,0,1,0,1,2,2,0,0,66.66666666666667,33.33333333333333
22,3,1,3,15:04:17.463,15:07:16.598,179.135,True,True,100,4,4,0,2,2,0,2,2,0,4,4,0,0,100.0,0.0
22,3,2,1,15:07:16.598,15:11:29.321,252.723,False,False,100,4,4,0,2,2,0,2,2,0,4,4,0,0,100.0,0.0
22,3,2,2,15:11:29.321,15:16:39.744,310.423,False,False,100,4,4,0,2,2,0,2,2,0,4,4,0,0,100.0,0.0
22,3,2,3,15:16:39.744,15:18:03.502,83.758,False,False,75,1,0,1,0,0,0,1,0,1,0,0,0,0,0.0,100.0
22,3,2,4,15:18:03.502,15:19:11.584,68.082,False,False,75,1,0,1,0,0,0,1,0,1,0,0,0,0,0.0,100.0
22,3,2,5,15:19:11.584,15:23:19.082,247.498,False,False,100,3,3,0,2,2,0,1,1,0,3,3,0,0,100.0,0.0
22,3,2,6,15:23:19.082,15:27:51.170,272.088,False,False,100,4,4,0,2,2,0,2,2,0,4,4,0,0,100.0,0.0
22,3,2,7,15:27:51.170,15:33:08.179,317.009,False,False,100,4,4,0,2,2,0,2,2,0,4,4,0,0,100.0,0.0
22,3,2,8,15:33:08.179,15:43:02.532,594.353,False,False,100,4,4,0,2,2,0,2,2,0,4,4,0,0,100.0,0.0
22,3,2,9,15:43:02.532,15:49:43.120,400.588,False,False,100,4,4,0,2,2,0,2,2,0,4,4,0,0,100.0,0.0
22,3,2,10,15:49:43.120,15:53:03.221,200.101,False,False,100,4,4,0,2,2,0,2,2,0,2,2,0,0,100.0,0.0
23,1,1,1,14:22:05.338,14:25:14.506,189.168,False,False,100,0,0,0,0,0,0,0,0,0,1,1,0,0,0 planificado,0 planificado
23,1,1,2,14:25:14.506,14:28:19.700,185.194,False,False,75,1,0,1,0,0,0,1,0,1,4,4,0,0,0.0,100.0
23,1,1,3,14:28:19.700,14:31:41.840,202.14,False,False,75,1,0,1,0,0,0,1,0,1,4,3,0,0,0.0,100.0
23,1,1,4,14:31:41.840,14:34:37.213,175.373,False,False,100,1,1,0,0,0,0,1,1,0,1,0,0,0,100.0,0.0
23,1,1,5,14:34:37.213,14:36:32.453,115.24,False,False,100,1,1,0,0,0,0,1,1,0,2,1,0,0,100.0,0.0
23,1,1,6,14:36:32.453,14:39:44.548,192.095,False,False,100,2,2,0,1,1,0,1,1,0,2,1,0,0,100.0,0.0
23,1,1,7,14:39:44.548,14:42:16.630,152.082,False,False,100,2,2,0,1,1,0,1,1,0,4,3,0,0,100.0,0.0
23,1,1,8,14:42:16.630,14:45:05.046,168.416,False,False,100,2,2,0,1,1,0,1,1,0,4,3,0,0,100.0,0.0
23,1,1,9,14:45:05.046,14:49:18.020,252.974,False,False,100,3,3,0,1,1,0,2,2,0,3,2,0,0,100.0,0.0
23,1,1,10,14:49:18.020,14:51:11.307,113.287,False,False,75,1,0,1,1,0,1,0,0,0,0,0,0,0,0.0,100.0
23,1,2,1,14:51:11.307,14:52:40.532,89.225,False,False,100,0,0,0,0,0,0,0,0,0,0,0,0,0,0 planificado,0 planificado
23,1,2,2,14:52:40.532,14:53:27.923,47.391,False,False,100,0,0,0,0,0,0,0,0,0,0,0,0,0,0 planificado,0 planificado
24,1,1,1,15:10:23.032,15:13:55.156,212.124,False,False,100,0,0,0,0,0,0,0,0,0,1,0,0,0,0 planificado,0 planificado
24,1,1,2,15:13:55.156,15:16:33.356,158.2,False,False,100,0,0,0,0,0,0,0,0,0,1,1,0,0,0 planificado,0 planificado
24,1,1,3,15:16:33.356,15:19:22.298,168.942,False,False,75,0,0,0,0,0,0,0,0,0,1,0,1,1,0 planificado,0 planificado
24,1,2,1,15:19:22.298,15:24:10.400,288.102,False,False,25,6,2,4,2,1,1,4,1,3,3,1,2,3,33.333333333333336,66.66666666666666
24,1,2,2,15:24:10.400,15:24:53.641,43.241,False,False,100,0,0,0,0,0,0,0,0,0,0,0,0,0,0 planificado,0 planificado
24,1,2,3,15:24:53.641,15:29:19.230,265.589,False,False,100,2,2,0,1,1,0,1,1,0,4,2,0,0,100.0,0.0
24,3,1,1,15:01:24.561,15:03:02.842,98.281,False,False,100,0,0,0,0,0,0,0,0,0,1,1,0,0,0 planificado,0 planificado
24,3,1,2,15:03:02.842,15:07:19.616,256.774,False,False,75,10,5,5,1,1,0,9,4,5,2,1,0,0,50.0,50.0
24,3,1,3,15:07:19.616,15:10:45.645,206.029,False,False,100,2,2,0,1,1,0,1,1,0,2,1,0,0,100.0,0.0
24,3,1,4,15:10:45.645,15:15:38.672,293.027,False,False,100,3,3,0,2,2,0,1,1,0,2,1,0,0,100.0,0.0
24,3,1,5,15:15:38.672,15:19:31.478,232.806,True,True,100,4,4,0,2,2,0,2,2,0,4,3,0,0,100.0,0.0
24,3,2,1,15:19:31.478,15:20:45.614,74.136,False,False,100,0,0,0,0,0,0,0,0,0,0,0,0,0,0 planificado,0 planificado
24,3,2,2,15:20:45.614,15:27:40.461,414.847,False,True,75,3,2,1,2,2,0,1,0,1,4,1,0,0,66.66666666666667,33.33333333333333
24,3,2,3,15:27:40.461,15:31:39.986,239.525,False,True,75,4,3,1,2,1,1,2,2,0,4,2,0,0,75.0,25.0
24,3,2,4,15:31:39.986,15:35:05.464,205.478,False,True,75,5,4,1,2,2,0,3,2,1,4,2,0,0,80.0,20.0
24,3,3,1,15:35:05.464,15:38:49.803,224.339,False,True,75,4,3,1,2,2,0,2,1,1,4,3,0,0,75.0,25.0
24,3,3,2,15:38:49.803,15:47:51.755,541.952,False,True,75,4,3,1,2,2,0,2,1,1,4,3,0,0,75.0,25.0
24,3,3,3,15:47:51.755,15:51:01.360,189.605,True,True,100,4,4,0,2,2,0,2,2,0,4,3,0,0,100.0,0.0
25,1,1,1,14:56:23.695,15:00:51.855,268.16,False,False,100,1,1,0,0,0,0,1,1,0,2,2,0,0,100.0,0.0
25,1,1,2,15:00:51.855,15:03:23.660,151.805,False,False,100,1,1,0,0,0,0,1,1,0,2,1,0,0,100.0,0.0
25,1,1,3,15:03:23.660,15:06:06.619,162.959,False,False,75,2,1,1,1,1,0,1,0,1,2,1,0,0,50.0,50.0
25,1,1,4,15:06:06.619,15:09:18.008,191.389,False,False,100,1,1,0,0,0,0,1,1,0,2,1,0,0,100.0,0.0
25,1,1,5,15:09:18.008,15:11:31.344,133.336,False,False,100,3,3,0,2,2,0,1,1,0,2,1,0,0,100.0,0.0
25,1,1,6,15:11:31.344,15:13:30.278,118.934,False,False,100,3,3,0,2,2,0,1,1,0,2,1,0,0,100.0,0.0
25,1,2,1,15:13:30.278,15:16:53.385,203.107,False,False,100,3,3,0,2,2,0,1,1,0,3,1,0,0,100.0,0.0
25,1,2,2,15:16:53.385,15:21:05.316,251.931,False,False,75,3,3,0,2,2,0,1,1,0,3,1,1,1,100.0,0.0
25,1,3,1,15:21:05.316,15:22:58.894,113.578,False,False,100,3,3,0,2,2,0,1,1,0,2,1,0,0,100.0,0.0
25,3,1,1,14:57:25.697,15:00:33.665,187.968,False,False,100,3,3,0,2,2,0,1,1,0,2,1,0,0,100.0,0.0
25,3,1,2,15:00:33.665,15:03:06.598,152.933,False,False,100,3,3,0,2,2,0,1,1,0,2,1,0,0,100.0,0.0
25,3,2,1,15:03:06.598,15:06:43.946,217.348,False,False,100,3,3,0,2,2,0,1,1,0,3,1,0,0,100.0,0.0
25,3,2,2,15:06:43.946,15:10:41.431,237.485,False,False,100,3,3,0,2,2,0,1,1,0,3,1,0,0,100.0,0.0
25,3,2,3,15:10:41.431,15:14:01.041,199.61,False,False,100,3,3,0,2,2,0,1,1,0,4,2,0,0,100.0,0.0
25,3,2,4,15:14:01.041,15:17:47.741,226.7,False,False,75,3,2,1,2,2,0,1,0,1,4,2,0,0,66.66666666666667,33.33333333333333
25,3,2,5,15:17:47.741,15:21:52.108,244.367,False,False,100,3,3,0,2,2,0,1,1,0,4,2,0,0,100.0,0.0
25,3,2,6,15:21:52.108,15:25:52.239,240.131,False,False,100,3,3,0,2,2,0,1,1,0,4,2,0,0,100.0,0.0
25,3,3,1,15:25:52.239,15:28:24.485,152.246,False,False,75,4,2,2,2,2,0,2,0,2,4,3,0,0,50.0,50.0
25,3,3,2,15:28:24.485,15:30:28.542,124.057,False,False,100,3,3,0,2,2,0,1,1,0,4,3,0,0,100.0,0.0
25,3,3,3,15:30:28.542,15:33:12.752,164.21,False,False,100,3,3,0,2,2,0,1,1,0,4,3,0,0,100.0,0.0
25,3,3,4,15:33:12.752,15:36:05.479,172.727,False,False,75,3,2,1,2,2,0,1,0,1,4,3,0,0,66.66666666666667,33.33333333333333
25,3,3,5,15:36:05.479,15:38:28.291,142.812,False,False,75,4,3,1,2,2,0,2,1,1,4,3,0,0,75.0,25.0
25,3,3,6,15:38:28.291,15:40:44.887,136.596,False,False,75,4,3,1,2,2,0,2,1,1,4,3,0,0,75.0,25.0
25,3,3,7,15:40:44.887,15:42:14.394,89.507,False,False,100,3,3,0,2,2,0,1,1,0,4,3,0,0,100.0,0.0
26,1,1,1,14:57:14.600,15:00:39.416,204.816,False,False,100,0,0,0,0,0,0,0,0,0,1,1,0,0,0 planificado,0 planificado
26,1,1,2,15:00:39.416,15:06:21.431,342.015,False,False,100,0,0,0,0,0,0,0,0,0,0,0,0,0,0 planificado,0 planificado
26,1,1,3,15:06:21.431,15:12:58.551,397.12,False,False,75,0,0,0,0,0,0,0,0,0,2,1,1,1,0 planificado,0 planificado
26,1,1,4,15:12:58.551,15:16:17.434,198.883,False,False,100,2,2,0,1,1,0,1,1,0,2,2,0,0,100.0,0.0
26,1,1,5,15:16:17.434,15:19:40.268,202.834,False,False,100,2,2,0,1,1,0,1,1,0,2,2,0,0,100.0,0.0
26,1,1,6,15:19:40.268,15:22:54.073,193.805,False,False,100,2,2,0,1,1,0,1,1,0,2,2,0,0,100.0,0.0
26,1,2,1,15:22:54.073,15:25:56.336,182.263,False,False,75,0,0,0,0,0,0,0,0,0,3,2,1,1,0 planificado,0 planificado
26,3,1,1,14:58:10.940,15:01:42.458,211.518,False,False,75,2,1,1,1,1,0,1,0,1,2,2,0,0,50.0,50.0
26,3,1,2,15:01:42.458,15:05:06.090,203.632,False,False,100,2,2,0,1,1,0,1,1,0,2,2,0,0,100.0,0.0
26,3,1,3,15:05:06.090,15:07:48.682,162.592,False,False,100,3,3,0,2,2,0,1,1,0,2,2,0,0,100.0,0.0
26,3,2,1,15:07:48.682,15:09:24.126,95.444,False,False,75,1,0,1,0,0,0,1,0,1,1,1,0,0,0.0,100.0
26,3,2,2,15:09:24.126,15:12:05.282,161.156,False,False,75,2,1,1,1,1,0,1,0,1,3,3,0,0,50.0,50.0
26,3,2,3,15:12:05.282,15:13:37.051,91.769,False,False,75,0,0,0,0,0,0,0,0,0,1,0,1,1,0 planificado,0 planificado
26,3,2,4,15:13:37.051,15:17:53.787,256.736,False,False,100,2,2,0,1,1,0,1,1,0,3,3,0,0,100.0,0.0
26,3,2,5,15:17:53.787,15:22:18.422,264.635,False,False,75,2,2,0,1,1,0,1,1,0,3,2,1,1,100.0,0.0
26,3,2,6,15:22:18.422,15:26:20.905,242.483,False,False,100,2,2,0,1,1,0,1,1,0,3,3,0,0,100.0,0.0
26,3,2,7,15:26:20.905,15:30:28.303,247.398,False,False,100,2,2,0,1,1,0,1,1,0,3,3,0,0,100.0,0.0
26,3,2,8,15:30:28.303,15:32:51.314,143.011,False,False,75,10,6,4,6,6,0,4,0,4,4,4,0,0,60.0,40.0
26,3,2,9,15:32:51.314,15:35:58.257,186.943,False,False,100,0,0,0,0,0,0,0,0,0,2,2,0,0,0 planificado,0 planificado
26,3,2,10,15:35:58.257,15:36:43.497,45.24,False,False,100,0,0,0,0,0,0,0,0,0,0,0,0,0,0 planificado,0 planificado
26,3,2,11,15:36:43.497,15:37:20.923,37.426,False,False,100,0,0,0,0,0,0,0,0,0,0,0,0,0,0 planificado,0 planificado
26,3,3,1,15:37:20.923,15:40:57.790,216.867,False,False,100,0,0,0,0,0,0,0,0,0,1,1,0,0,0 planificado,0 planificado
26,3,3,2,15:40:57.790,15:40:59.178,1.388,False,False,100,0,0,0,0,0,0,0,0,0,0,0,0,0,0 planificado,0 planificado
27,1,1,1,15:04:46.232,15:06:53.139,126.907,False,False,100,0,0,0,0,0,0,0,0,0,1,1,0,0,0 planificado,0 planificado
27,1,1,2,15:06:53.139,15:10:25.925,212.786,False,True,75,4,2,2,2,2,0,2,0,2,4,3,0,0,50.0,50.0
27,1,1,3,15:10:25.925,15:13:16.921,170.996,False,False,75,2,1,1,1,1,0,1,0,1,2,2,0,0,50.0,50.0
27,1,1,4,15:13:16.921,15:15:56.242,159.321,False,False,75,3,2,1,2,2,0,1,0,1,4,2,0,0,66.66666666666667,33.33333333333333
27,1,1,5,15:15:56.242,15:18:54.053,177.811,False,False,100,1,1,0,1,1,0,0,0,0,3,3,0,0,100.0,0.0
27,1,2,1,15:18:54.053,15:20:10.657,76.604,False,False,100,0,0,0,0,0,0,0,0,0,2,2,0,0,0 planificado,0 planificado
27,3,1,1,15:07:30.039,15:09:53.521,143.482,False,False,100,1,1,0,1,1,0,0,0,0,2,1,0,0,100.0,0.0
27,3,1,2,15:09:53.521,15:12:23.722,150.201,False,False,100,1,1,0,1,1,0,0,0,0,2,1,0,0,100.0,0.0
27,3,2,1,15:12:23.722,15:15:45.220,201.498,False,False,100,1,1,0,1,1,0,0,0,0,3,1,0,0,100.0,0.0
27,3,2,2,15:15:45.220,15:16:59.669,74.449,False,False,75,0,0,0,0,0,0,0,0,0,1,0,1,1,0 planificado,0 planificado
27,3,2,3,15:16:59.669,15:18:03.721,64.052,False,False,100,0,0,0,0,0,0,0,0,0,2,1,0,0,0 planificado,0 planificado
27,3,2,4,15:18:03.721,15:20:53.907,170.186,False,False,100,2,2,0,2,2,0,0,0,0,3,3,0,0,100.0,0.0
27,3,2,5,15:20:53.907,15:24:14.449,200.542,False,False,75,1,1,0,1,1,0,0,0,0,2,0,1,1,100.0,0.0
27,3,2,6,15:24:14.449,15:25:15.328,60.879,False,False,100,0,0,0,0,0,0,0,0,0,0,0,0,0,0 planificado,0 planificado
27,3,2,7,15:25:15.328,15:27:48.047,152.719,False,False,100,0,0,0,0,0,0,0,0,0,2,0,0,0,0 planificado,0 planificado
27,3,2,8,15:27:48.047,15:29:56.906,128.859,False,False,100,2,2,0,2,2,0,0,0,0,4,3,0,0,100.0,0.0
27,3,2,9,15:29:56.906,15:33:21.064,204.158,False,False,100,1,1,0,1,1,0,0,0,0,3,1,0,0,100.0,0.0
27,3,2,10,15:33:21.064,15:33:55.720,34.656,False,False,100,0,0,0,0,0,0,0,0,0,0,0,0,0,0 planificado,0 planificado
27,3,2,11,15:33:55.720,15:38:52.809,297.089,False,False,100,1,1,0,1,1,0,0,0,0,3,2,0,0,100.0,0.0
27,3,1,1,15:38:52.809,15:42:01.441,188.632,False,True,75,3,2,1,2,2,0,1,0,1,4,3,0,0,66.66666666666667,33.33333333333333
27,3,2,1,15:42:01.441,15:43:59.450,118.009,False,False,75,0,0,0,0,0,0,0,0,0,2,0,1,1,0 planificado,0 planificado
27,3,2,2,15:43:59.450,15:44:04.289,4.839,False,False,100,0,0,0,0,0,0,0,0,0,0,0,0,0,0 planificado,0 planificado
27,3,3,1,15:44:04.289,15:46:25.403,141.114,False,True,50,3,1,2,2,1,1,1,0,1,4,3,0,0,33.333333333333336,66.66666666666666
27,3,3,2,15:46:25.403,15:50:53.087,267.684,False,True,75,4,2,2,2,2,0,2,0,2,4,3,0,0,50.0,50.0
27,3,3,3,15:50:53.087,15:53:09.504,136.417,False,True,75,4,3,1,2,2,0,2,1,1,4,3,0,0,75.0,25.0
2,1,1,1,14:19:54.532,14:23:13.551,199.019,False,False,100,0,0,0,0,0,0,0,0,0,1,1,0,0,0 planificado,0 planificado
2,1,1,2,14:23:13.551,14:26:38.160,204.609,False,False,100,0,0,0,0,0,0,0,0,0,1,0,0,0,0 planificado,0 planificado
2,1,1,3,14:26:38.160,14:29:38.041,179.881,False,False,75,2,1,1,1,1,0,1,0,1,3,3,0,0,50.0,50.0
2,1,1,4,14:29:38.041,14:32:12.452,154.411,False,False,100,2,2,0,1,1,0,1,1,0,2,2,0,0,100.0,0.0
2,1,1,5,14:32:12.452,14:34:40.469,148.017,False,False,100,4,4,0,1,1,0,3,3,0,2,2,0,0,100.0,0.0
2,1,1,6,14:34:40.469,14:39:49.074,308.605,False,True,75,4,3,1,2,2,0,2,1,1,4,3,0,0,75.0,25.0
2,1,1,7,14:39:49.074,14:43:00.169,191.095,False,True,75,3,2,1,2,2,0,1,0,1,2,1,0,0,66.66666666666667,33.33333333333333
2,1,1,8,14:43:00.169,14:46:14.704,194.535,False,False,100,3,3,0,2,2,0,1,1,0,4,3,0,0,100.0,0.0
2,1,1,9,14:46:14.704,14:50:35.180,260.476,True,True,100,4,4,0,2,2,0,2,2,0,4,3,0,0,100.0,0.0
2,1,2,1,14:50:35.180,14:53:26.155,170.975,False,False,75,0,0,0,0,0,0,0,0,0,1,0,1,1,0 planificado,0 planificado
2,1,2,2,14:53:26.155,14:55:04.984,98.829,False,False,100,2,2,0,2,2,0,0,0,0,3,2,0,0,100.0,0.0
30,1,1,1,14:59:28.344,15:02:18.425,170.081,False,False,100,0,0,0,0,0,0,0,0,0,1,1,0,0,0 planificado,0 planificado
30,1,1,2,15:02:18.425,15:05:56.110,217.685,True,True,100,4,4,0,2,2,0,2,2,0,4,3,0,0,100.0,0.0
30,1,2,1,15:05:56.110,15:10:25.433,269.323,True,True,100,6,6,0,2,2,0,4,4,0,4,2,0,0,100.0,0.0
30,1,3,1,15:10:25.433,15:13:40.313,194.88,False,True,75,2,1,1,1,1,0,1,0,1,4,3,0,0,50.0,50.0
30,1,3,2,15:13:40.313,15:16:32.550,172.237,True,True,100,4,4,0,2,2,0,2,2,0,4,3,0,0,100.0,0.0
30,1,3,3,15:16:32.550,15:19:35.232,182.682,False,False,100,0,0,0,0,0,0,0,0,0,0,0,0,0,0 planificado,0 planificado
30,1,3,4,15:19:35.232,15:23:29.960,234.728,False,True,75,6,5,1,2,2,0,4,3,1,4,2,0,0,83.33333333333333,16.66666666666667
30,1,3,5,15:23:29.960,15:24:16.774,46.814,False,False,100,0,0,0,0,0,0,0,0,0,0,0,0,0,0 planificado,0 planificado
30,1,3,6,15:24:16.774,15:29:11.613,294.839,False,False,75,16,10,6,5,5,0,11,5,6,2,2,0,0,62.5,37.5
30,3,1,1,15:01:05.154,15:04:27.907,202.753,False,False,75,1,0,1,1,0,1,0,0,0,0,0,0,0,0.0,100.0
30,3,1,2,15:04:27.907,15:06:32.230,124.323,True,True,100,4,4,0,2,2,0,2,2,0,4,4,0,0,100.0,0.0
30,3,2,1,15:06:32.230,15:10:35.900,243.67,True,True,100,6,6,0,2,2,0,4,4,0,4,4,0,0,100.0,0.0
30,3,3,1,15:10:35.900,15:14:10.181,214.281,True,True,100,4,4,0,2,2,0,2,2,0,4,3,0,0,100.0,0.0
30,3,3,2,15:14:10.181,15:17:26.730,196.549,False,False,75,16,10,6,5,5,0,11,5,6,2,2,0,0,62.5,37.5
30,3,3,3,15:17:26.730,15:20:45.106,198.376,False,False,50,1,0,1,1,0,1,0,0,0,4,2,1,2,0.0,100.0
30,3,3,4,15:20:45.106,15:22:19.911,94.805,False,False,75,15,11,4,4,4,0,11,7,4,4,4,0,0,73.33333333333333,26.66666666666667
30,3,3,5,15:22:19.911,15:26:44.048,264.137,True,True,100,4,4,0,2,2,0,2,2,0,4,3,0,0,100.0,0.0
30,3,3,6,15:26:44.048,15:33:35.140,411.092,False,False,100,0,0,0,0,0,0,0,0,0,0,0,0,0,0 planificado,0 planificado
30,3,3,7,15:33:35.140,15:35:37.780,122.64,False,False,100,0,0,0,0,0,0,0,0,0,1,1,0,0,0 planificado,0 planificado
30,3,1,1,15:35:37.780,15:37:20.925,103.145,False,False,100,0,0,0,0,0,0,0,0,0,1,1,0,0,0 planificado,0 planificado
30,3,3,1,15:37:20.925,15:41:01.961,221.036,False,False,75,5,4,1,3,3,0,2,1,1,4,3,0,0,80.0,20.0
30,3,3,2,15:41:01.961,15:42:28.525,86.564,False,False,100,0,0,0,0,0,0,0,0,0,0,0,0,0,0 planificado,0 planificado
31,1,1,1,14:41:32.880,14:44:36.906,184.026,False,False,100,0,0,0,0,0,0,0,0,0,1,0,0,0,0 planificado,0 planificado
31,1,1,2,14:44:36.906,14:46:41.897,124.991,False,False,100,0,0,0,0,0,0,0,0,0,1,1,0,0,0 planificado,0 planificado
31,1,1,3,14:46:41.897,14:49:12.873,150.976,False,False,100,2,2,0,1,1,0,1,1,0,2,1,0,0,100.0,0.0
31,1,1,4,14:49:12.873,14:51:59.233,166.36,False,False,100,2,2,0,1,1,0,1,1,0,2,1,0,0,100.0,0.0
31,1,2,1,14:51:59.233,14:56:35.400,276.167,False,False,50,2,1,1,1,1,0,1,0,1,3,1,2,2,50.0,50.0
31,1,2,2,14:56:35.400,14:57:34.697,59.297,False,False,75,0,0,0,0,0,0,0,0,0,1,0,1,1,0 planificado,0 planificado
31,1,2,3,14:57:34.697,15:01:06.236,211.539,False,False,100,2,2,0,1,1,0,1,1,0,3,1,0,0,100.0,0.0
31,1,2,4,15:01:06.236,15:05:04.622,238.386,False,False,100,2,2,0,1,1,0,1,1,0,3,1,0,0,100.0,0.0
31,1,2,5,15:05:04.622,15:09:12.768,248.146,False,False,100,2,2,0,1,1,0,1,1,0,4,3,0,0,100.0,0.0
31,1,2,6,15:09:12.768,15:10:11.915,59.147,False,False,100,0,0,0,0,0,0,0,0,0,0,0,0,0,0 planificado,0 planificado
31,1,2,7,15:10:11.915,15:11:40.452,88.537,False,False,100,1,1,0,1,1,0,0,0,0,2,2,0,0,100.0,0.0
31,3,1,1,14:59:05.674,15:02:10.107,184.433,False,False,100,3,3,0,2,2,0,1,1,0,4,4,0,0,100.0,0.0
31,3,1,2,15:02:10.107,15:04:55.399,165.292,False,False,100,2,2,0,1,1,0,1,1,0,4,3,0,0,100.0,0.0
31,3,2,1,15:04:55.399,15:10:35.698,340.299,False,False,100,2,2,0,1,1,0,1,1,0,4,4,0,0,100.0,0.0
31,3,2,2,15:10:35.698,15:14:35.262,239.564,False,False,100,2,2,0,1,1,0,1,1,0,4,2,0,0,100.0,0.0
31,3,2,3,15:14:35.262,15:17:00.533,145.271,False,False,75,1,1,0,1,1,0,0,0,0,3,1,1,1,100.0,0.0
31,3,2,4,15:17:00.533,15:18:47.405,106.872,False,False,100,0,0,0,0,0,0,0,0,0,2,1,0,0,0 planificado,0 planificado
31,3,2,5,15:18:47.405,15:22:21.071,213.666,False,False,100,2,2,0,1,1,0,1,1,0,4,2,0,0,100.0,0.0
31,3,2,6,15:22:21.071,15:23:44.102,83.031,False,False,100,2,2,0,1,1,0,1,1,0,2,1,0,0,100.0,0.0
31,3,2,7,15:23:44.102,15:25:02.261,78.159,False,False,100,2,2,0,1,1,0,1,1,0,2,1,0,0,100.0,0.0
31,3,2,8,15:25:02.261,15:26:03.898,61.637,False,False,100,1,1,0,1,1,0,0,0,0,1,1,0,0,100.0,0.0
31,3,2,9,15:26:03.898,15:27:19.265,75.367,False,False,75,2,1,1,1,1,0,1,0,1,2,1,0,0,50.0,50.0
31,3,2,10,15:27:19.265,15:30:58.125,218.86,False,False,100,2,2,0,1,1,0,1,1,0,4,2,0,0,100.0,0.0
31,3,2,11,15:30:58.125,15:32:08.945,70.82,False,False,75,2,1,1,1,1,0,1,0,1,1,0,0,0,50.0,50.0
31,3,2,12,15:32:08.945,15:33:18.461,69.516,False,False,75,2,1,1,1,1,0,1,0,1,1,1,0,0,50.0,50.0
31,3,2,13,15:33:18.461,15:33:47.980,29.519,False,False,75,1,0,1,0,0,0,1,0,1,0,0,0,0,0.0,100.0
31,3,2,14,15:33:47.980,15:35:12.952,84.972,False,False,75,2,1,1,1,1,0,1,0,1,3,1,0,0,50.0,50.0
31,3,2,15,15:35:12.952,15:38:34.133,201.181,False,False,100,2,2,0,1,1,0,1,1,0,3,2,0,0,100.0,0.0
31,3,2,16,15:38:34.133,15:42:15.769,221.636,False,False,100,2,2,0,1,1,0,1,1,0,4,2,0,0,100.0,0.0
31,3,2,17,15:42:15.769,15:43:29.484,73.715,False,False,100,0,0,0,0,0,0,0,0,0,0,0,0,0,0 planificado,0 planificado
31,3,2,18,15:43:29.484,15:44:29.426,59.942,False,False,75,0,0,0,0,0,0,0,0,0,1,0,1,1,0 planificado,0 planificado
31,3,2,19,15:44:29.426,15:46:46.218,136.792,False,False,75,2,1,1,1,1,0,1,0,1,3,3,0,0,50.0,50.0
31,3,2,20,15:46:46.218,15:49:33.842,167.624,False,False,100,2,2,0,1,1,0,1,1,0,4,2,0,0,100.0,0.0
31,3,2,21,15:49:33.842,15:53:16.524,222.682,False,False,75,1,1,0,1,1,0,0,0,0,4,2,1,1,100.0,0.0
32,1,1,1,14:21:40.892,14:23:47.679,126.787,False,False,100,0,0,0,0,0,0,0,0,0,1,0,0,0,0 planificado,0 planificado
32,1,1,2,14:23:47.679,14:26:29.841,162.162,False,False,100,0,0,0,0,0,0,0,0,0,1,1,0,0,0 planificado,0 planificado
32,1,1,3,14:26:29.841,14:29:21.068,171.227,False,False,75,3,2,1,2,1,1,1,1,0,2,2,0,0,66.66666666666667,33.33333333333333
32,1,1,4,14:29:21.068,14:31:28.273,127.205,False,False,100,2,2,0,1,1,0,1,1,0,2,2,0,0,100.0,0.0
32,1,1,5,14:31:28.273,14:33:46.895,138.622,False,False,100,3,3,0,2,2,0,1,1,0,2,2,0,0,100.0,0.0
32,1,1,6,14:33:46.895,14:35:51.039,124.144,False,False,75,4,3,1,2,2,0,2,1,1,2,1,0,0,75.0,25.0
32,1,1,7,14:35:51.039,14:37:16.095,85.056,False,False,100,2,2,0,2,2,0,0,0,0,1,0,0,0,100.0,0.0
32,1,1,8,14:37:16.095,14:38:56.737,100.642,False,False,100,2,2,0,2,2,0,0,0,0,2,1,0,0,100.0,0.0
32,1,1,9,14:38:56.737,14:41:46.960,170.223,False,False,100,5,5,0,2,2,0,3,3,0,2,1,0,0,100.0,0.0
32,1,1,10,14:41:46.960,14:44:31.489,164.529,True,True,100,5,5,0,2,2,0,3,3,0,4,3,0,0,100.0,0.0
32,1,2,1,14:44:31.489,14:47:00.116,148.627,False,True,75,3,3,0,2,2,0,1,1,0,3,0,1,1,100.0,0.0
32,1,2,2,14:47:00.116,14:50:32.655,212.539,False,True,75,5,4,1,2,2,0,3,2,1,4,2,0,0,80.0,20.0
32,1,2,3,14:50:32.655,14:52:08.199,95.544,False,True,75,3,2,1,2,2,0,1,0,1,2,1,0,0,66.66666666666667,33.33333333333333
32,1,2,4,14:52:08.199,14:53:52.881,104.682,True,True,100,4,4,0,2,2,0,2,2,0,3,2,0,0,100.0,0.0
32,3,1,1,14:13:26.721,14:15:59.905,153.184,False,False,100,3,3,0,2,2,0,1,1,0,2,1,0,0,100.0,0.0
32,3,1,2,14:15:59.905,14:19:13.156,193.251,True,True,100,5,5,0,2,2,0,3,3,0,4,3,0,0,100.0,0.0
32,3,2,1,14:19:13.156,14:21:04.742,111.586,False,True,50,3,1,2,2,1,1,1,0,1,1,0,0,0,33.333333333333336,66.66666666666666
32,3,2,2,14:21:04.742,14:24:31.487,206.745,True,True,100,5,5,0,2,2,0,3,3,0,4,3,0,0,100.0,0.0
32,3,3,1,14:24:31.487,14:26:27.789,116.302,True,True,100,5,5,0,2,2,0,3,3,0,4,3,0,0,100.0,0.0
33,1,1,1,16:03:16.528,16:16:29.656,793.128,False,False,100,0,0,0,0,0,0,0,0,0,1,1,0,0,0 planificado,0 planificado
33,1,1,2,16:16:29.656,16:18:42.111,132.455,False,False,100,0,0,0,0,0,0,0,0,0,1,1,0,0,0 planificado,0 planificado
33,1,1,3,16:18:42.111,16:21:20.072,157.961,False,False,100,0,0,0,0,0,0,0,0,0,1,1,0,0,0 planificado,0 planificado
33,1,1,4,16:21:20.072,16:23:24.414,124.342,False,False,100,0,0,0,0,0,0,0,0,0,1,1,0,0,0 planificado,0 planificado
33,1,1,5,16:23:24.414,16:27:08.561,224.147,False,False,100,0,0,0,0,0,0,0,0,0,1,1,0,0,0 planificado,0 planificado
33,1,1,6,16:27:08.561,16:27:39.143,30.582,False,False,100,0,0,0,0,0,0,0,0,0,0,0,0,0,0 planificado,0 planificado
34,1,1,1,14:42:08.696,14:44:37.109,148.413,False,False,100,0,0,0,0,0,0,0,0,0,1,1,0,0,0 planificado,0 planificado
34,1,1,2,14:44:37.109,14:46:23.542,106.433,False,False,100,0,0,0,0,0,0,0,0,0,1,0,0,0,0 planificado,0 planificado
34,1,2,1,14:46:23.542,14:47:26.167,62.625,False,False,100,0,0,0,0,0,0,0,0,0,1,1,0,0,0 planificado,0 planificado
34,1,2,2,14:47:26.167,14:49:05.327,99.16,False,False,100,0,0,0,0,0,0,0,0,0,2,0,0,0,0 planificado,0 planificado
34,1,2,3,14:49:05.327,14:50:06.893,61.566,False,False,100,0,0,0,0,0,0,0,0,0,1,1,0,0,0 planificado,0 planificado
34,1,2,4,14:50:06.893,14:50:43.507,36.614,False,False,100,0,0,0,0,0,0,0,0,0,1,1,0,0,0 planificado,0 planificado
34,1,2,5,14:50:43.507,14:54:07.662,204.155,False,False,100,0,0,0,0,0,0,0,0,0,2,1,0,0,0 planificado,0 planificado
34,1,2,6,14:54:07.662,14:54:48.749,41.087,False,False,100,0,0,0,0,0,0,0,0,0,1,1,0,0,0 planificado,0 planificado
34,1,2,7,14:54:48.749,14:57:46.969,178.22,False,False,100,0,0,0,0,0,0,0,0,0,2,0,0,0,0 planificado,0 planificado
34,1,2,8,14:57:46.969,15:01:26.292,219.323,False,False,100,0,0,0,0,0,0,0,0,0,0,0,0,0,0 planificado,0 planificado
34,1,2,9,15:01:26.292,15:01:47.913,21.621,False,False,100,0,0,0,0,0,0,0,0,0,0,0,0,0,0 planificado,0 planificado
34,1,3,1,15:01:47.913,15:02:15.678,27.765,False,False,100,0,0,0,0,0,0,0,0,0,0,0,0,0,0 planificado,0 planificado
34,1,3,2,15:02:15.678,15:02:37.938,22.26,False,False,100,0,0,0,0,0,0,0,0,0,0,0,0,0,0 planificado,0 planificado
34,1,3,3,15:02:37.938,15:03:16.318,38.38,False,False,100,0,0,0,0,0,0,0,0,0,1,1,0,0,0 planificado,0 planificado
35,1,1,1,15:57:13.889,16:01:19.170,245.281,False,False,100,0,0,0,0,0,0,0,0,0,1,1,0,0,0 planificado,0 planificado
35,1,2,1,16:01:19.170,16:05:13.392,234.222,False,False,100,0,0,0,0,0,0,0,0,0,2,2,0,0,0 planificado,0 planificado
35,1,3,1,16:05:13.392,16:08:25.006,191.614,False,False,100,0,0,0,0,0,0,0,0,0,1,1,0,0,0 planificado,0 planificado
35,1,3,2,16:08:25.006,16:08:50.754,25.748,False,False,100,0,0,0,0,0,0,0,0,0,0,0,0,0,0 planificado,0 planificado
35,1,2,1,16:08:50.754,16:13:17.798,267.044,False,False,75,0,0,0,0,0,0,0,0,0,2,1,1,1,0 planificado,0 planificado
35,1,2,2,16:13:17.798,16:17:11.271,233.473,False,False,75,0,0,0,0,0,0,0,0,0,2,1,1,1,0 planificado,0 planificado
35,1,2,3,16:17:11.271,16:21:20.856,249.585,False,False,100,0,0,0,0,0,0,0,0,0,2,0,0,0,0 planificado,0 planificado
35,1,2,4,16:21:20.856,16:25:24.810,243.954,False,False,75,0,0,0,0,0,0,0,0,0,2,0,2,2,0 planificado,0 planificado
35,1,2,5,16:25:24.810,16:28:39.032,194.222,False,False,100,0,0,0,0,0,0,0,0,0,2,0,0,0,0 planificado,0 planificado
35,1,2,6,16:28:39.032,16:28:39.035,0.003,False,False,100,0,0,0,0,0,0,0,0,0,0,0,0,0,0 planificado,0 planificado
35,3,1,1,15:52:12.861,15:55:14.707,181.846,False,False,100,0,0,0,0,0,0,0,0,0,1,1,0,0,0 planificado,0 planificado
35,3,1,2,15:55:14.707,15:58:05.215,170.508,False,False,100,0,0,0,0,0,0,0,0,0,1,1,0,0,0 planificado,0 planificado
35,3,1,3,15:58:05.215,16:01:48.921,223.706,False,False,75,2,1,1,1,0,1,1,1,0,2,0,0,0,50.0,50.0
35,3,1,4,16:01:48.921,16:05:13.003,204.082,False,False,100,1,1,0,0,0,0,1,1,0,2,1,0,0,100.0,0.0
35,3,1,5,16:05:13.003,16:08:27.307,194.304,False,False,100,2,2,0,1,1,0,1,1,0,2,1,0,0,100.0,0.0
35,3,2,1,16:08:27.307,16:12:21.577,234.27,False,False,100,2,2,0,1,1,0,1,1,0,3,2,0,0,100.0,0.0
35,3,2,2,16:12:21.577,16:16:33.251,251.674,False,False,75,3,2,1,1,1,0,2,1,1,3,1,0,0,66.66666666666667,33.33333333333333
35,3,2,3,16:16:33.251,16:20:16.656,223.405,False,False,100,2,2,0,1,1,0,1,1,0,3,1,0,0,100.0,0.0
35,3,2,4,16:20:16.656,16:24:01.573,224.917,False,False,75,2,2,0,1,1,0,1,1,0,3,1,1,1,100.0,0.0
35,3,3,1,16:24:01.573,16:26:38.973,157.4,False,False,75,2,1,1,1,1,0,1,0,1,2,1,0,0,50.0,50.0
35,3,3,2,16:26:38.973,16:29:41.688,182.715,False,False,75,3,2,1,2,2,0,1,0,1,2,1,0,0,66.66666666666667,33.33333333333333
35,3,3,3,16:29:41.688,16:32:40.948,179.26,False,False,100,2,2,0,1,1,0,1,1,0,2,1,0,0,100.0,0.0
35,3,1,1,16:32:40.948,16:37:27.987,287.039,False,False,50,4,3,1,2,2,0,2,1,1,2,1,1,1,75.0,25.0
35,3,2,1,16:37:27.987,16:41:42.621,254.634,False,False,100,3,3,0,2,2,0,1,1,0,4,2,0,0,100.0,0.0
35,3,1,1,16:41:42.621,16:44:13.973,151.352,False,False,100,3,3,0,2,2,0,1,1,0,4,3,0,0,100.0,0.0
37,1,1,1,15:55:15.139,15:58:37.751,202.612,False,False,100,0,0,0,0,0,0,0,0,0,1,0,0,0,0 planificado,0 planificado
37,1,1,2,15:58:37.751,16:01:36.050,178.299,False,False,100,1,1,0,0,0,0,1,1,0,2,1,0,0,100.0,0.0
37,1,1,3,16:01:36.050,16:04:27.053,171.003,False,False,100,2,2,0,1,1,0,1,1,0,2,1,0,0,100.0,0.0
37,1,1,4,16:04:27.053,16:08:37.180,250.127,False,False,100,3,3,0,1,1,0,2,2,0,4,3,0,0,100.0,0.0
37,1,2,1,16:08:37.180,16:12:52.336,255.156,False,False,75,3,2,1,2,2,0,1,0,1,4,2,0,0,66.66666666666667,33.33333333333333
37,1,3,1,16:12:52.336,16:15:30.335,157.999,False,False,100,4,4,0,2,2,0,2,2,0,4,3,0,0,100.0,0.0
37,1,2,1,16:15:30.335,16:19:09.447,219.112,False,False,50,3,1,2,2,1,1,1,0,1,2,2,0,1,33.333333333333336,66.66666666666666
37,1,2,2,16:19:09.447,16:22:20.979,191.532,True,True,100,3,3,0,2,2,0,1,1,0,4,2,0,0,100.0,0.0
37,1,3,1,16:22:20.979,16:25:36.572,195.593,False,True,75,5,3,2,3,3,0,2,0,2,4,4,0,0,60.0,40.0
37,1,2,1,16:25:36.572,16:28:02.631,146.059,False,False,100,2,2,0,2,2,0,0,0,0,2,2,0,0,100.0,0.0
37,3,1,1,15:54:22.013,15:57:37.255,195.242,False,False,75,4,3,1,2,2,0,2,1,1,1,0,0,0,75.0,25.0
37,3,1,2,15:57:37.255,16:01:18.875,221.62,False,False,100,4,4,0,2,2,0,2,2,0,1,0,0,0,100.0,0.0
37,3,2,1,16:01:18.875,16:05:59.983,281.108,False,True,75,4,4,0,2,2,0,2,2,0,4,2,2,2,100.0,0.0
37,3,1,1,16:05:59.983,16:09:42.515,222.532,False,False,100,4,4,0,2,2,0,2,2,0,4,3,0,0,100.0,0.0
37,3,3,1,16:09:42.515,16:13:10.433,207.918,True,True,100,4,4,0,2,2,0,2,2,0,4,3,0,0,100.0,0.0
37,3,1,1,16:13:10.433,16:17:01.350,230.917,False,False,100,4,4,0,2,2,0,2,2,0,4,3,0,0,100.0,0.0
37,3,1,2,16:17:01.350,16:20:28.972,207.622,False,False,100,4,4,0,2,2,0,2,2,0,4,4,0,0,100.0,0.0
3,1,1,1,15:03:42.632,15:03:42.639,0.007,False,False,100,0,0,0,0,0,0,0,0,0,0,0,0,0,0 planificado,0 planificado
3,1,1,1,15:04:22.854,15:06:45.527,142.673,False,False,100,0,0,0,0,0,0,0,0,0,0,0,0,0,0 planificado,0 planificado
3,1,1,2,15:06:45.527,15:10:42.426,236.899,False,False,100,0,0,0,0,0,0,0,0,0,1,1,0,0,0 planificado,0 planificado
3,1,1,3,15:10:42.426,15:10:42.429,0.003,False,False,100,0,0,0,0,0,0,0,0,0,0,0,0,0,0 planificado,0 planificado
41,1,1,1,16:46:40.382,16:49:33.281,172.899,False,False,100,0,0,0,0,0,0,0,0,0,1,0,0,0,0 planificado,0 planificado
41,1,1,2,16:49:33.281,16:52:42.370,189.089,False,True,75,4,3,1,2,2,0,2,1,1,4,3,0,0,75.0,25.0
41,1,2,1,16:52:42.370,16:57:35.476,293.106,False,False,75,3,3,0,2,2,0,1,1,0,4,2,1,1,100.0,0.0
41,1,3,1,16:57:35.476,16:59:36.141,120.665,False,False,100,2,2,0,2,2,0,0,0,0,1,0,0,0,100.0,0.0
41,1,3,2,16:59:36.141,17:02:11.366,155.225,False,False,75,4,3,1,2,2,0,2,1,1,4,3,0,0,75.0,25.0
41,1,3,3,17:02:11.366,17:04:11.430,120.064,False,True,75,4,2,2,2,2,0,2,0,2,4,3,0,0,50.0,50.0
41,1,3,4,17:04:11.430,17:06:26.436,135.006,True,True,100,4,4,0,2,2,0,2,2,0,4,3,0,0,100.0,0.0
41,1,2,1,17:06:26.436,17:06:26.439,0.003,False,False,100,0,0,0,0,0,0,0,0,0,0,0,0,0,0 planificado,0 planificado
42,1,1,1,15:04:10.152,15:06:50.881,160.729,False,False,100,0,0,0,0,0,0,0,0,0,1,1,0,0,0 planificado,0 planificado
42,1,1,2,15:06:50.881,15:09:36.193,165.312,False,False,100,0,0,0,0,0,0,0,0,0,1,0,0,0,0 planificado,0 planificado
42,1,2,1,15:09:36.193,15:13:27.673,231.48,False,False,75,0,0,0,0,0,0,0,0,0,2,1,1,1,0 planificado,0 planificado
42,1,2,2,15:13:27.673,15:16:59.151,211.478,False,False,75,0,0,0,0,0,0,0,0,0,2,0,1,1,0 planificado,0 planificado
42,1,2,3,15:16:59.151,15:22:58.870,359.719,False,False,100,0,0,0,0,0,0,0,0,0,2,2,0,0,0 planificado,0 planificado
42,1,1,1,15:22:58.870,15:22:58.873,0.003,False,False,100,0,0,0,0,0,0,0,0,0,0,0,0,0,0 planificado,0 planificado
43,1,1,1,15:49:17.343,15:52:52.421,215.078,False,False,100,0,0,0,0,0,0,0,0,0,1,0,0,0,0 planificado,0 planificado
43,1,1,2,15:52:52.421,15:55:30.108,157.687,False,False,100,2,2,0,1,1,0,1,1,0,2,2,0,0,100.0,0.0
43,1,1,3,15:55:30.108,15:57:52.567,142.459,False,False,100,2,2,0,1,1,0,1,1,0,2,1,0,0,100.0,0.0
43,1,1,4,15:57:52.567,15:59:13.034,80.467,False,False,75,2,1,1,1,1,0,1,0,1,2,1,0,0,50.0,50.0
43,1,1,5,15:59:13.034,16:00:18.734,65.7,False,False,75,2,1,1,1,1,0,1,0,1,2,1,0,0,50.0,50.0
43,1,1,6,16:00:18.734,16:03:02.271,163.537,False,False,100,3,3,0,1,1,0,2,2,0,4,3,0,0,100.0,0.0
43,1,1,7,16:03:02.271,16:05:25.434,143.163,False,False,100,2,2,0,1,1,0,1,1,0,2,1,0,0,100.0,0.0
43,1,1,8,16:05:25.434,16:07:37.300,131.866,False,False,100,2,2,0,1,1,0,1,1,0,1,0,0,0,100.0,0.0
43,1,1,9,16:07:37.300,16:10:22.503,165.203,False,False,100,3,3,0,2,2,0,1,1,0,2,1,0,0,100.0,0.0
43,1,1,10,16:10:22.503,16:11:22.196,59.693,False,False,100,0,0,0,0,0,0,0,0,0,2,1,0,0,0 planificado,0 planificado
43,5,1,1,15:27:15.739,15:31:27.968,252.229,False,False,100,2,2,0,1,1,0,1,1,0,2,1,0,0,100.0,0.0
43,5,1,2,15:31:27.968,15:33:30.773,122.805,False,False,75,1,0,1,0,0,0,1,0,1,1,0,0,0,0.0,100.0
43,5,1,3,15:33:30.773,15:36:22.031,171.258,False,False,75,3,2,1,1,1,0,2,1,1,2,1,0,0,66.66666666666667,33.33333333333333
43,5,1,4,15:36:22.031,15:39:14.252,172.221,False,True,75,7,6,1,2,2,0,5,4,1,4,3,0,0,85.71428571428571,14.285714285714292
43,5,2,1,15:39:14.252,15:43:24.946,250.694,False,True,50,6,5,1,2,2,0,4,3,1,4,2,2,2,83.33333333333333,16.66666666666667
43,5,3,1,15:43:24.946,15:46:12.219,167.273,False,True,75,7,4,3,2,2,0,5,2,3,4,3,0,0,57.142857142857146,42.857142857142854
43,5,3,2,15:46:12.219,15:48:01.202,108.983,True,True,100,7,7,0,2,2,0,5,5,0,4,3,0,0,100.0,0.0
44,1,1,1,15:41:43.128,15:45:16.287,213.159,False,False,100,0,0,0,0,0,0,0,0,0,1,1,0,0,0 planificado,0 planificado
44,1,2,1,15:45:16.287,15:49:43.091,266.804,False,False,75,0,0,0,0,0,0,0,0,0,2,1,1,1,0 planificado,0 planificado
44,1,2,2,15:49:43.091,15:53:43.646,240.555,False,False,100,0,0,0,0,0,0,0,0,0,2,2,0,0,0 planificado,0 planificado
44,1,2,3,15:53:43.646,15:54:07.877,24.231,False,False,100,0,0,0,0,0,0,0,0,0,0,0,0,0,0 planificado,0 planificado
45,1,1,1,15:03:20.338,15:06:54.139,213.801,False,False,100,0,0,0,0,0,0,0,0,0,1,1,0,0,0 planificado,0 planificado
45,1,1,2,15:06:54.139,15:09:08.334,134.195,False,False,100,0,0,0,0,0,0,0,0,0,1,0,0,0,0 planificado,0 planificado
45,1,1,3,15:09:08.334,15:11:06.377,118.043,False,False,75,0,0,0,0,0,0,0,0,0,1,0,1,1,0 planificado,0 planificado
45,1,1,4,15:11:06.377,15:14:48.851,222.474,True,True,100,4,4,0,2,2,0,2,2,0,4,3,0,0,100.0,0.0
45,1,2,1,15:14:48.851,15:22:04.958,436.107,False,False,25,3,0,3,2,0,2,1,0,1,3,1,2,4,0.0,100.0
45,3,1,1,14:53:45.380,14:59:45.802,360.422,False,False,75,3,2,1,2,2,0,1,0,1,4,3,0,0,66.66666666666667,33.33333333333333
45,3,1,2,14:59:45.802,15:04:52.141,306.339,True,True,100,4,4,0,2,2,0,2,2,0,4,3,0,0,100.0,0.0
45,3,2,1,15:04:52.141,15:10:53.348,361.207,False,False,75,3,3,0,2,2,0,1,1,0,4,1,1,1,100.0,0.0
45,3,2,2,15:10:53.348,15:19:03.070,489.722,False,False,50,4,3,1,2,1,1,2,2,0,4,1,2,3,75.0,25.0
45,3,2,3,15:19:03.070,15:27:04.895,481.825,False,True,75,3,3,0,2,2,0,1,1,0,4,1,2,2,100.0,0.0
45,3,2,4,15:27:04.895,15:32:58.880,353.985,True,True,100,5,5,0,2,2,0,3,3,0,4,2,0,0,100.0,0.0
45,3,3,1,15:32:58.880,15:40:06.795,427.915,False,True,75,4,3,1,2,2,0,2,1,1,4,3,0,0,75.0,25.0
45,3,3,2,15:40:06.795,15:43:28.720,201.925,True,True,100,4,4,0,2,2,0,2,2,0,4,3,0,0,100.0,0.0
46,1,1,1,15:22:11.115,15:23:51.156,100.041,False,False,100,0,0,0,0,0,0,0,0,0,1,1,0,0,0 planificado,0 planificado
46,1,1,2,15:23:51.156,15:26:26.771,155.615,False,False,100,0,0,0,0,0,0,0,0,0,1,0,0,0,0 planificado,0 planificado
46,1,1,3,15:26:26.771,15:29:07.278,160.507,False,False,100,0,0,0,0,0,0,0,0,0,1,1,0,0,0 planificado,0 planificado
46,1,3,1,15:29:07.278,15:30:50.876,103.598,False,False,100,0,0,0,0,0,0,0,0,0,0,0,0,0,0 planificado,0 planificado
46,1,1,1,15:30:50.876,15:35:22.460,271.584,False,True,50,4,3,1,2,2,0,2,1,1,4,1,2,2,75.0,25.0
47,1,1,1,15:48:24.729,15:51:36.519,191.79,False,False,100,0,0,0,0,0,0,0,0,0,1,0,0,0,0 planificado,0 planificado
47,1,1,2,15:51:36.519,15:52:22.356,45.837,False,False,100,0,0,0,0,0,0,0,0,0,1,1,0,0,0 planificado,0 planificado
47,1,1,3,15:52:22.356,15:53:27.361,65.005,False,False,100,1,1,0,1,1,0,0,0,0,1,0,0,0,100.0,0.0
47,3,1,1,14:57:49.153,15:00:02.335,133.182,False,False,50,9,3,6,8,3,5,1,0,1,2,1,0,0,33.333333333333336,66.66666666666666
47,3,1,2,15:00:02.335,15:01:59.825,117.49,False,False,50,2,0,2,1,0,1,1,0,1,4,3,0,0,0.0,100.0
47,3,1,3,15:01:59.825,15:04:15.192,135.367,False,False,100,2,2,0,1,1,0,1,1,0,2,0,0,0,100.0,0.0
47,3,1,4,15:04:15.192,15:04:25.788,10.596,False,False,100,0,0,0,0,0,0,0,0,0,0,0,0,0,0 planificado,0 planificado
47,3,1,5,15:04:25.788,15:05:24.859,59.071,False,False,75,1,0,1,1,0,1,0,0,0,0,0,0,0,0.0,100.0
47,3,2,1,15:05:24.859,15:09:15.709,230.85,False,False,75,2,2,0,1,1,0,1,1,0,4,3,1,1,100.0,0.0
47,3,2,2,15:09:15.709,15:12:58.580,222.871,False,False,75,0,0,0,0,0,0,0,0,0,2,1,1,1,0 planificado,0 planificado
47,3,2,3,15:12:58.580,15:13:21.027,22.447,False,False,100,0,0,0,0,0,0,0,0,0,0,0,0,0,0 planificado,0 planificado
47,3,2,4,15:13:21.027,15:14:44.760,83.733,False,False,75,4,2,2,3,1,2,1,1,0,4,0,0,1,50.0,50.0
47,3,2,5,15:14:44.760,15:17:35.844,171.084,False,False,100,0,0,0,0,0,0,0,0,0,2,2,0,0,0 planificado,0 planificado
47,3,2,6,15:17:35.844,15:21:07.953,212.109,False,False,100,0,0,0,0,0,0,0,0,0,2,1,0,0,0 planificado,0 planificado
47,3,2,7,15:21:07.953,15:23:56.436,168.483,False,False,75,0,0,0,0,0,0,0,0,0,2,0,1,1,0 planificado,0 planificado
47,3,2,8,15:23:56.436,15:25:04.432,67.996,False,False,50,2,0,2,1,0,1,1,0,1,2,2,0,1,0.0,100.0
47,3,2,9,15:25:04.432,15:26:33.459,89.027,False,False,75,2,1,1,1,1,0,1,0,1,2,2,0,0,50.0,50.0
47,3,2,10,15:26:33.459,15:29:52.796,199.337,False,False,100,4,4,0,1,1,0,3,3,0,4,3,0,0,100.0,0.0
47,3,2,11,15:29:52.796,15:31:38.702,105.906,False,False,25,4,2,2,3,2,1,1,0,1,4,3,1,2,50.0,50.0
47,3,2,12,15:31:38.702,15:32:08.044,29.342,False,False,100,0,0,0,0,0,0,0,0,0,3,3,0,0,0 planificado,0 planificado
47,3,2,13,15:32:08.044,15:33:04.059,56.015,True,True,100,0,0,0,0,0,0,0,0,0,4,4,0,0,0 planificado,0 planificado
47,3,2,14,15:33:04.059,15:35:38.738,154.679,False,False,100,0,0,0,0,0,0,0,0,0,2,2,0,0,0 planificado,0 planificado
47,3,2,15,15:35:38.738,15:36:54.356,75.618,False,False,100,0,0,0,0,0,0,0,0,0,0,0,0,0,0 planificado,0 planificado
47,3,3,1,15:36:54.356,15:37:41.473,47.117,False,False,100,0,0,0,0,0,0,0,0,0,0,0,0,0,0 planificado,0 planificado
47,3,3,2,15:37:41.473,15:38:03.719,22.246,False,False,100,0,0,0,0,0,0,0,0,0,0,0,0,0,0 planificado,0 planificado
47,3,3,3,15:38:03.719,15:38:19.556,15.837,False,False,100,0,0,0,0,0,0,0,0,0,0,0,0,0,0 planificado,0 planificado
47,3,3,4,15:38:19.556,15:40:48.694,149.138,False,False,100,0,0,0,0,0,0,0,0,0,1,0,0,0,0 planificado,0 planificado
47,3,3,5,15:40:48.694,16:00:54.511,1205.817,False,False,100,0,0,0,0,0,0,0,0,0,0,0,0,0,0 planificado,0 planificado
47,3,3,6,16:00:54.511,16:00:54.514,0.003,False,False,100,0,0,0,0,0,0,0,0,0,0,0,0,0,0 planificado,0 planificado
48,1,1,1,16:28:05.381,16:31:11.560,186.179,False,False,100,0,0,0,0,0,0,0,0,0,1,0,0,0,0 planificado,0 planificado
48,1,1,2,16:31:11.560,16:31:27.294,15.734,False,False,100,0,0,0,0,0,0,0,0,0,0,0,0,0,0 planificado,0 planificado
48,1,1,3,16:31:27.294,16:33:11.228,103.934,False,False,100,1,1,0,0,0,0,1,1,0,1,1,0,0,100.0,0.0
48,1,2,1,16:33:11.228,16:37:29.646,258.418,False,False,75,0,0,0,0,0,0,0,0,0,4,2,1,1,0 planificado,0 planificado
48,1,2,2,16:37:29.646,16:37:52.924,23.278,False,False,100,0,0,0,0,0,0,0,0,0,0,0,0,0,0 planificado,0 planificado
48,1,3,1,16:37:52.924,16:40:43.606,170.682,False,False,100,0,0,0,0,0,0,0,0,0,1,0,0,0,0 planificado,0 planificado
48,1,3,2,16:40:43.606,16:43:24.924,161.318,False,False,100,0,0,0,0,0,0,0,0,0,1,0,0,0,0 planificado,0 planificado
48,1,1,1,16:43:24.924,16:47:27.069,242.145,True,True,100,4,4,0,2,2,0,2,2,0,4,3,0,0,100.0,0.0
48,1,2,1,16:47:27.069,16:52:37.603,310.534,False,False,100,3,3,0,2,2,0,1,1,0,4,2,0,0,100.0,0.0
48,1,2,2,16:52:37.603,16:56:47.287,249.684,False,True,75,5,5,0,2,2,0,3,3,0,4,2,1,1,100.0,0.0
48,1,3,1,16:56:47.287,17:00:40.908,233.621,False,True,75,4,3,1,2,2,0,2,1,1,4,3,0,0,75.0,25.0
48,1,3,2,17:00:40.908,17:01:27.938,47.03,False,False,100,0,0,0,0,0,0,0,0,0,0,0,0,0,0 planificado,0 planificado
4,3,1,1,14:14:16.150,14:17:20.350,184.2,False,False,100,1,1,0,0,0,0,1,1,0,2,1,0,0,100.0,0.0
4,3,1,2,14:17:20.350,14:20:04.415,164.065,False,False,50,2,0,2,1,0,1,1,0,1,2,2,0,0,0.0,100.0
4,3,1,3,14:20:04.415,14:22:57.722,173.307,False,False,75,2,1,1,1,1,0,1,0,1,2,2,0,0,50.0,50.0
4,3,1,4,14:22:57.722,14:26:23.560,205.838,False,False,100,1,1,0,0,0,0,1,1,0,3,3,0,0,100.0,0.0
4,3,1,5,14:26:23.560,14:30:07.057,223.497,False,False,100,2,2,0,1,1,0,1,1,0,2,1,0,0,100.0,0.0
4,3,1,6,14:30:07.057,14:33:44.625,217.568,False,True,75,4,3,1,2,2,0,2,1,1,4,3,0,0,75.0,25.0
4,3,1,7,14:33:44.625,14:40:58.175,433.55,False,True,75,7,4,3,2,2,0,5,2,3,4,4,0,0,57.142857142857146,42.857142857142854
4,3,1,8,14:40:58.175,14:45:57.823,299.648,False,False,100,4,4,0,3,3,0,1,1,0,4,3,0,0,100.0,0.0
4,3,2,1,14:45:57.823,14:50:19.392,261.569,False,False,75,7,6,1,6,6,0,1,0,1,4,3,0,0,85.71428571428571,14.285714285714292
4,3,3,1,14:50:19.392,14:53:31.128,191.736,False,False,100,4,4,0,1,1,0,3,3,0,3,2,0,0,100.0,0.0
4,3,3,2,14:53:31.128,14:56:20.562,169.434,False,False,75,12,10,2,1,1,0,11,9,2,4,3,0,0,83.33333333333333,16.66666666666667
4,3,3,3,14:56:20.562,14:58:28.848,128.286,False,False,100,1,1,0,1,1,0,0,0,0,0,0,0,0,100.0,0.0
4,3,3,4,14:58:28.848,15:03:08.481,279.633,False,False,100,1,1,0,0,0,0,1,1,0,4,3,0,0,100.0,0.0
4,3,3,5,15:03:08.481,15:13:37.079,628.598,False,False,100,2,2,0,1,1,0,1,1,0,4,3,0,0,100.0,0.0
4,3,3,6,15:13:37.079,15:22:37.565,540.486,True,True,100,11,11,0,2,2,0,9,9,0,4,3,0,0,100.0,0.0
50,1,1,1,16:50:34.650,16:53:50.872,196.222,False,False,100,0,0,0,0,0,0,0,0,0,1,1,0,0,0 planificado,0 planificado
50,1,1,2,16:53:50.872,16:55:21.527,90.655,False,False,100,0,0,0,0,0,0,0,0,0,1,0,0,0,0 planificado,0 planificado
50,1,1,3,16:55:21.527,16:58:35.839,194.312,False,False,75,2,1,1,1,1,0,1,0,1,2,2,0,0,50.0,50.0
50,1,1,4,16:58:35.839,17:02:12.374,216.535,False,False,75,5,1,4,1,1,0,4,0,4,3,3,0,0,20.0,80.0
50,1,1,5,17:02:12.374,17:04:29.769,137.395,False,False,75,6,1,5,1,1,0,5,0,5,2,1,0,0,16.666666666666668,83.33333333333333
50,1,1,6,17:04:29.769,17:06:46.457,136.688,False,False,75,6,1,5,1,1,0,5,0,5,2,2,0,0,16.666666666666668,83.33333333333333
50,1,1,7,17:06:46.457,17:09:18.376,151.919,False,False,100,6,6,0,1,1,0,5,5,0,2,2,0,0,100.0,0.0
50,1,1,8,17:09:18.376,17:12:38.100,199.724,False,False,100,6,6,0,1,1,0,5,5,0,2,2,0,0,100.0,0.0
50,1,2,1,17:12:38.100,17:16:54.856,256.756,True,True,100,3,3,0,2,2,0,1,1,0,4,4,0,0,100.0,0.0
50,1,1,1,17:16:54.856,17:17:48.165,53.309,False,False,100,0,0,0,0,0,0,0,0,0,0,0,0,0,0 planificado,0 planificado
50,1,3,1,17:17:48.165,17:19:43.901,115.736,False,False,100,1,1,0,1,1,0,0,0,0,1,1,0,0,100.0,0.0
50,1,3,2,17:19:43.901,17:22:19.409,155.508,False,False,100,0,0,0,0,0,0,0,0,0,0,0,0,0,0 planificado,0 planificado
51,1,1,1,14:22:36.481,14:29:57.458,440.977,False,True,50,5,3,2,2,1,1,3,2,1,4,3,0,0,60.0,40.0
51,1,1,2,14:29:57.458,14:34:10.709,253.251,True,True,100,4,4,0,2,2,0,2,2,0,4,3,0,0,100.0,0.0
51,1,2,1,14:34:10.709,14:38:36.438,265.729,True,True,100,5,5,0,2,2,0,3,3,0,4,1,0,0,100.0,0.0
51,1,2,2,14:38:36.438,14:42:55.001,258.563,True,True,100,5,5,0,2,2,0,3,3,0,4,2,0,0,100.0,0.0
51,1,3,1,14:42:55.001,14:45:28.411,153.41,True,True,100,5,5,0,2,2,0,3,3,0,4,3,0,0,100.0,0.0
51,3,1,1,14:14:40.795,14:16:55.608,134.813,False,True,75,3,2,1,1,1,0,2,1,1,4,3,0,0,66.66666666666667,33.33333333333333
51,3,1,2,14:16:55.608,14:19:59.397,183.789,True,True,100,2,2,0,1,1,0,1,1,0,4,3,0,0,100.0,0.0
51,3,1,3,14:19:59.397,14:22:56.009,176.612,True,True,100,5,5,0,2,2,0,3,3,0,4,3,0,0,100.0,0.0
51,3,2,1,14:22:56.009,14:27:09.338,253.329,False,True,75,5,5,0,2,2,0,3,3,0,4,2,1,1,100.0,0.0
51,3,3,1,14:27:09.338,14:30:28.451,199.113,False,True,75,11,9,2,2,2,0,9,7,2,4,3,0,0,81.81818181818181,18.181818181818187
51,3,3,2,14:30:28.451,14:32:00.853,92.402,True,True,100,6,6,0,2,2,0,4,4,0,4,3,0,0,100.0,0.0
52,1,1,1,14:21:08.325,14:23:45.834,157.509,False,False,100,0,0,0,0,0,0,0,0,0,1,1,0,0,0 planificado,0 planificado
52,1,1,2,14:23:45.834,14:26:16.258,150.424,False,False,100,0,0,0,0,0,0,0,0,0,1,1,0,0,0 planificado,0 planificado
52,1,1,3,14:26:16.258,14:29:12.981,176.723,False,False,100,0,0,0,0,0,0,0,0,0,1,1,0,0,0 planificado,0 planificado
52,1,1,4,14:29:12.981,14:31:44.433,151.452,False,False,100,0,0,0,0,0,0,0,0,0,0,0,0,0,0 planificado,0 planificado
52,1,1,5,14:31:44.433,14:37:29.047,344.614,False,False,75,2,1,1,1,1,0,1,0,1,3,3,0,0,50.0,50.0
52,1,1,6,14:37:29.047,14:40:41.967,192.92,False,False,100,2,2,0,1,1,0,1,1,0,3,2,0,0,100.0,0.0
52,1,1,7,14:40:41.967,14:43:44.570,182.603,False,False,75,3,2,1,1,1,0,2,1,1,3,3,0,0,66.66666666666667,33.33333333333333
52,1,1,8,14:43:44.570,14:47:24.483,219.913,False,False,100,4,4,0,2,2,0,2,2,0,3,3,0,0,100.0,0.0
52,1,1,9,14:47:24.483,14:51:02.497,218.014,False,False,100,4,4,0,2,2,0,2,2,0,4,4,0,0,100.0,0.0
52,1,1,10,14:51:02.497,14:53:33.774,151.277,False,False,100,0,0,0,0,0,0,0,0,0,0,0,0,0,0 planificado,0 planificado
53,3,1,1,14:34:23.248,14:40:05.573,342.325,False,False,75,3,2,1,2,2,0,1,0,1,4,4,0,0,66.66666666666667,33.33333333333333
53,3,1,2,14:40:05.573,14:51:09.958,664.385,False,False,100,3,3,0,2,2,0,1,1,0,4,4,0,0,100.0,0.0
53,3,1,3,14:51:09.958,14:54:39.372,209.414,False,False,100,3,3,0,2,2,0,1,1,0,4,4,0,0,100.0,0.0
53,3,1,4,14:54:39.372,14:58:39.541,240.169,False,False,75,3,1,2,1,1,0,2,0,2,4,4,0,0,33.333333333333336,66.66666666666666
53,3,1,5,14:58:39.541,15:04:15.175,335.634,True,True,100,4,4,0,2,2,0,2,2,0,4,4,0,0,100.0,0.0
53,3,2,1,15:04:15.175,15:09:14.320,299.145,False,False,100,4,4,0,2,2,0,2,2,0,4,4,0,0,100.0,0.0
53,3,2,2,15:09:14.320,15:13:51.057,276.737,True,True,100,4,4,0,2,2,0,2,2,0,4,4,0,0,100.0,0.0
53,3,3,1,15:13:51.057,15:20:21.395,390.338,True,True,100,4,4,0,2,2,0,2,2,0,4,4,0,0,100.0,0.0
5,1,1,1,14:20:39.906,14:22:58.725,138.819,False,False,100,0,0,0,0,0,0,0,0,0,1,1,0,0,0 planificado,0 planificado
5,1,1,2,14:22:58.725,14:23:39.892,41.167,False,False,100,0,0,0,0,0,0,0,0,0,1,1,0,0,0 planificado,0 planificado
5,1,1,3,14:23:39.892,14:27:58.112,258.22,False,True,50,4,2,2,2,2,0,2,0,2,4,2,1,1,50.0,50.0
5,1,1,4,14:27:58.112,14:37:07.937,549.825,False,True,75,4,2,2,2,2,0,2,0,2,4,4,0,0,50.0,50.0
5,1,1,5,14:37:07.937,14:42:54.667,346.73,False,True,75,2,0,2,0,0,0,2,0,2,4,2,0,0,0.0,100.0
5,1,2,1,14:42:54.667,14:49:00.795,366.128,False,True,75,3,2,1,2,2,0,1,0,1,4,2,0,0,66.66666666666667,33.33333333333333
5,1,2,2,14:49:00.795,15:41:36.914,3156.119,False,True,75,3,3,0,2,2,0,1,1,0,4,2,2,2,100.0,0.0
65,1,1,1,15:41:05.915,15:43:22.538,136.623,True,True,100,1,1,0,1,1,0,0,0,0,3,3,0,0,100.0,0.0
6,1,1,1,14:21:06.367,14:22:58.819,112.452,False,False,100,0,0,0,0,0,0,0,0,0,1,0,0,0,0 planificado,0 planificado
6,1,1,2,14:22:58.819,14:23:51.497,52.678,False,False,100,0,0,0,0,0,0,0,0,0,0,0,0,0,0 planificado,0 planificado
6,1,1,3,14:23:51.497,14:25:07.164,75.667,False,False,100,0,0,0,0,0,0,0,0,0,1,1,0,0,0 planificado,0 planificado
6,1,1,4,14:25:07.164,14:27:53.366,166.202,False,False,100,0,0,0,0,0,0,0,0,0,1,0,0,0,0 planificado,0 planificado
6,1,1,5,14:27:53.366,14:31:14.405,201.039,False,False,100,0,0,0,0,0,0,0,0,0,1,1,0,0,0 planificado,0 planificado
6,1,1,6,14:31:14.405,14:31:47.408,33.003,False,False,100,0,0,0,0,0,0,0,0,0,0,0,0,0,0 planificado,0 planificado
6,1,1,7,14:31:47.408,14:35:38.214,230.806,False,True,75,3,2,1,2,2,0,1,0,1,4,3,0,0,66.66666666666667,33.33333333333333
6,1,1,8,14:35:38.214,14:38:44.179,185.965,False,False,75,4,3,1,1,1,0,3,2,1,4,3,0,0,75.0,25.0
6,1,1,9,14:38:44.179,14:40:45.035,120.856,False,False,100,1,1,0,1,1,0,0,0,0,3,1,0,0,100.0,0.0
6,1,1,10,14:40:45.035,14:41:19.306,34.271,False,False,100,0,0,0,0,0,0,0,0,0,0,0,0,0,0 planificado,0 planificado
6,1,1,11,14:41:19.306,14:41:19.309,0.003,False,False,100,0,0,0,0,0,0,0,0,0,0,0,0,0,0 planificado,0 planificado
6,2,1,1,14:43:09.094,14:46:22.899,193.805,True,True,100,4,4,0,2,2,0,2,2,0,4,3,0,0,100.0,0.0
6,2,1,2,14:46:22.899,14:47:46.469,83.57,False,True,75,3,2,1,2,2,0,1,0,1,2,1,0,0,66.66666666666667,33.33333333333333
6,2,1,3,14:47:46.469,14:50:28.467,161.998,True,True,100,4,4,0,2,2,0,2,2,0,4,3,0,0,100.0,0.0
6,2,2,1,14:50:28.467,14:52:54.140,145.673,False,False,75,2,2,0,2,2,0,0,0,0,2,0,1,1,100.0,0.0
6,3,1,1,14:58:29.878,15:01:30.305,180.427,False,False,100,4,4,0,2,2,0,2,2,0,4,4,0,0,100.0,0.0
6,3,1,2,15:01:30.305,15:02:53.909,83.604,False,True,75,3,2,1,2,2,0,1,0,1,3,1,0,0,66.66666666666667,33.33333333333333
6,3,2,1,15:02:53.909,15:04:06.630,72.721,True,True,100,0,0,0,0,0,0,0,0,0,1,0,0,0,0 planificado,0 planificado
6,3,2,2,15:04:06.630,15:07:47.070,220.44,True,True,100,4,4,0,2,2,0,2,2,0,4,2,0,0,100.0,0.0
6,3,3,1,15:07:47.070,15:10:33.586,166.516,False,False,100,4,4,0,2,2,0,2,2,0,4,3,0,0,100.0,0.0
6,3,1,1,15:10:33.586,15:13:32.209,178.623,False,False,100,4,4,0,2,2,0,2,2,0,4,3,0,0,100.0,0.0
6,3,3,1,15:13:32.209,15:14:09.793,37.584,False,False,100,0,0,0,0,0,0,0,0,0,0,0,0,0,0 planificado,0 planificado
6,3,3,2,15:14:09.793,15:16:39.602,149.809,False,False,100,4,4,0,2,2,0,2,2,0,4,3,0,0,100.0,0.0
6,3,3,3,15:16:39.602,15:18:33.196,113.594,True,True,100,4,4,0,2,2,0,2,2,0,4,3,0,0,100.0,0.0
7,1,1,1,15:04:56.808,15:08:53.692,236.884,False,False,100,0,0,0,0,0,0,0,0,0,1,0,0,0,0 planificado,0 planificado
7,1,1,2,15:08:53.692,15:11:00.642,126.95,False,False,100,0,0,0,0,0,0,0,0,0,1,1,0,0,0 planificado,0 planificado
7,1,2,1,15:11:00.642,15:15:09.021,248.379,False,False,100,0,0,0,0,0,0,0,0,0,2,2,0,0,0 planificado,0 planificado
7,1,2,2,15:15:09.021,15:16:07.535,58.514,False,False,100,0,0,0,0,0,0,0,0,0,1,1,0,0,0 planificado,0 planificado
7,1,1,1,15:16:07.535,15:16:51.224,43.689,False,False,100,0,0,0,0,0,0,0,0,0,0,0,0,0,0 planificado,0 planificado
7,1,3,1,15:16:51.224,15:20:16.099,204.875,False,False,75,3,2,1,2,1,1,1,1,0,4,3,0,1,66.66666666666667,33.33333333333333
7,1,3,2,15:20:16.099,15:20:16.102,0.003,False,False,100,0,0,0,0,0,0,0,0,0,0,0,0,0,0 planificado,0 planificado
7,2,1,1,14:45:53.780,14:46:26.956,33.176,False,False,100,0,0,0,0,0,0,0,0,0,0,0,0,0,0 planificado,0 planificado
7,3,1,1,14:15:14.763,14:18:42.111,207.348,False,False,100,3,3,0,2,2,0,1,1,0,1,1,0,0,100.0,0.0
7,3,1,2,14:18:42.111,14:22:25.763,223.652,False,False,100,3,3,0,2,2,0,1,1,0,2,2,0,0,100.0,0.0
7,3,1,3,14:22:25.763,14:25:50.227,204.464,False,False,75,3,2,1,2,2,0,1,0,1,2,2,0,0,66.66666666666667,33.33333333333333
7,3,1,4,14:25:50.227,14:29:04.608,194.381,False,False,50,3,1,2,2,1,1,1,0,1,2,2,0,0,33.333333333333336,66.66666666666666
7,3,1,5,14:29:04.608,14:31:40.128,155.52,False,False,100,3,3,0,2,2,0,1,1,0,2,2,0,0,100.0,0.0
7,3,1,6,14:31:40.128,14:35:53.171,253.043,False,False,100,4,4,0,2,2,0,2,2,0,2,2,0,0,100.0,0.0
7,3,1,7,14:35:53.171,14:38:49.040,175.869,False,False,75,10,6,4,2,2,0,8,4,4,2,2,0,0,60.0,40.0
7,3,3,1,14:38:49.040,14:42:45.561,236.521,False,False,100,0,0,0,0,0,0,0,0,0,4,4,0,0,0 planificado,0 planificado
7,3,2,1,14:42:45.561,14:42:45.564,0.003,False,False,100,0,0,0,0,0,0,0,0,0,0,0,0,0,0 planificado,0 planificado
8,1,1,1,14:21:37.576,14:24:30.789,173.213,False,False,100,0,0,0,0,0,0,0,0,0,1,0,0,0,0 planificado,0 planificado
8,1,1,2,14:24:30.789,14:27:54.316,203.527,False,False,100,0,0,0,0,0,0,0,0,0,1,0,0,0,0 planificado,0 planificado
8,1,1,3,14:27:54.316,14:30:18.748,144.432,False,False,100,0,0,0,0,0,0,0,0,0,1,1,0,0,0 planificado,0 planificado
8,1,2,1,14:30:18.748,14:34:04.337,225.589,False,False,100,0,0,0,0,0,0,0,0,0,2,0,0,0,0 planificado,0 planificado
8,1,2,2,14:34:04.337,14:37:57.257,232.92,False,False,100,0,0,0,0,0,0,0,0,0,2,1,0,0,0 planificado,0 planificado
8,2,1,1,14:40:18.233,14:42:29.500,131.267,False,False,100,0,0,0,0,0,0,0,0,0,1,0,0,0,0 planificado,0 planificado
8,2,1,2,14:42:29.500,14:44:51.902,142.402,False,False,100,0,0,0,0,0,0,0,0,0,1,1,0,0,0 planificado,0 planificado
8,2,1,3,14:44:51.902,14:48:21.897,209.995,False,False,75,2,1,1,1,1,0,1,0,1,4,4,0,0,50.0,50.0
8,2,1,4,14:48:21.897,14:48:49.814,27.917,False,False,75,1,0,1,1,0,1,0,0,0,0,0,0,0,0.0,100.0
8,2,1,5,14:48:49.814,14:49:53.116,63.302,False,False,100,1,1,0,1,1,0,0,0,0,0,0,0,0,100.0,0.0
8,2,1,6,14:49:53.116,14:52:10.781,137.665,False,False,100,2,2,0,1,1,0,1,1,0,4,3,0,0,100.0,0.0
8,2,1,7,14:52:10.781,14:58:50.255,399.474,False,False,100,1,1,0,1,1,0,0,0,0,2,1,0,0,100.0,0.0
8,2,1,8,14:58:50.255,14:59:25.079,34.824,False,False,100,0,0,0,0,0,0,0,0,0,0,0,0,0,0 planificado,0 planificado
8,3,1,1,14:13:42.166,14:16:45.326,183.16,False,False,100,2,2,0,1,1,0,1,1,0,4,3,0,0,100.0,0.0
8,3,1,2,14:16:45.326,14:19:44.471,179.145,False,False,75,3,2,1,2,2,0,1,0,1,4,3,0,0,66.66666666666667,33.33333333333333
8,3,1,3,14:19:44.471,14:22:27.486,163.015,False,False,100,2,2,0,1,1,0,1,1,0,4,3,0,0,100.0,0.0
8,3,1,4,14:22:27.486,14:25:07.683,160.197,False,False,100,3,3,0,2,2,0,1,1,0,4,3,0,0,100.0,0.0
8,3,1,5,14:25:07.683,14:31:21.988,374.305,False,False,75,4,3,1,2,2,0,2,1,1,4,3,0,0,75.0,25.0
8,3,1,6,14:31:21.988,14:34:15.963,173.975,False,False,100,3,3,0,1,1,0,2,2,0,4,3,0,0,100.0,0.0
8,3,1,7,14:34:15.963,14:36:40.524,144.561,False,False,75,1,0,1,1,0,1,0,0,0,0,0,0,0,0.0,100.0
8,3,1,8,14:36:40.524,14:39:31.456,170.932,False,False,75,2,1,1,1,1,0,1,0,1,4,3,0,0,50.0,50.0
8,3,1,9,14:39:31.456,14:41:02.458,91.002,False,False,75,2,1,1,1,1,0,1,0,1,3,2,0,0,50.0,50.0
8,3,1,10,14:41:02.458,14:44:29.902,207.444,False,False,50,3,2,1,1,1,0,2,1,1,4,2,2,2,66.66666666666667,33.33333333333333
8,3,1,11,14:44:29.902,14:49:35.182,305.28,False,False,100,0,0,0,0,0,0,0,0,0,1,0,0,0,0 planificado,0 planificado
8,3,1,12,14:49:35.182,14:51:31.387,116.205,False,False,100,0,0,0,0,0,0,0,0,0,0,0,0,0,0 planificado,0 planificado
8,3,1,13,14:51:31.387,14:58:20.061,408.674,False,False,100,0,0,0,0,0,0,0,0,0,0,0,0,0,0 planificado,0 planificado
9,1,1,1,15:19:07.753,15:22:22.171,194.418,False,False,100,0,0,0,0,0,0,0,0,0,1,0,0,0,0 planificado,0 planificado
9,1,1,2,15:22:22.171,15:24:57.436,155.265,False,False,100,2,2,0,1,1,0,1,1,0,2,1,0,0,100.0,0.0
9,1,1,3,15:24:57.436,15:27:52.545,175.109,False,False,100,2,2,0,1,1,0,1,1,0,4,3,0,0,100.0,0.0
9,1,1,4,15:27:52.545,15:31:09.499,196.954,False,False,75,2,1,1,1,1,0,1,0,1,4,3,0,0,50.0,50.0
9,1,1,5,15:31:09.499,15:35:05.215,235.716,False,False,100,2,2,0,1,1,0,1,1,0,4,3,0,0,100.0,0.0
9,1,1,6,15:35:05.215,15:39:10.814,245.599,False,False,100,4,4,0,2,2,0,2,2,0,2,1,0,0,100.0,0.0
9,1,1,7,15:39:10.814,15:42:49.649,218.835,True,True,100,4,4,0,2,2,0,2,2,0,4,3,0,0,100.0,0.0
9,1,2,1,15:42:49.649,15:44:50.077,120.428,False,False,100,0,0,0,0,0,0,0,0,0,0,0,0,0,0 planificado,0 planificado
9,1,2,2,15:44:50.077,15:49:09.643,259.566,True,True,100,4,4,0,2,2,0,2,2,0,4,2,0,0,100.0,0.0
9,1,3,1,15:49:09.643,15:50:27.387,77.744,True,True,100,0,0,0,0,0,0,0,0,0,1,0,0,0,0 planificado,0 planificado
9,1,3,2,15:50:27.387,15:52:07.985,100.598,False,True,75,3,2,1,2,2,0,1,0,1,4,3,0,0,66.66666666666667,33.33333333333333
9,1,3,3,15:52:07.985,15:53:54.318,106.333,True,True,100,0,0,0,0,0,0,0,0,0,4,3,0,0,0 planificado,0 planificado
9,1,3,4,15:53:54.318,15:53:54.322,0.004,False,False,100,0,0,0,0,0,0,0,0,0,0,0,0,0,0 planificado,0 planificado
9,3,1,1,16:01:37.196,16:03:32.408,115.212,False,True,75,2,1,1,1,1,0,1,0,1,4,3,0,0,50.0,50.0
9,3,1,2,16:03:32.408,16:06:06.209,153.801,False,True,75,4,2,2,2,2,0,2,0,2,4,3,0,0,50.0,50.0
9,3,1,3,16:06:06.209,16:08:37.267,151.058,False,True,75,4,3,1,2,2,0,2,1,1,4,3,0,0,75.0,25.0
9,3,1,4,16:08:37.267,16:09:27.002,49.735,True,True,100,0,0,0,0,0,0,0,0,0,0,0,0,0,0 planificado,0 planificado
9,3,1,5,16:09:27.002,16:12:56.886,209.884,False,True,75,4,3,1,2,2,0,2,1,1,4,3,0,0,75.0,25.0
9,3,2,1,16:12:56.886,16:16:52.592,235.706,True,True,100,4,4,0,2,2,0,2,2,0,4,2,0,0,100.0,0.0
9,3,3,1,16:16:52.592,16:20:00.521,187.929,True,True,100,4,4,0,2,2,0,2,2,0,4,3,0,0,100.0,0.0
9,3,3,2,16:20:00.521,16:24:32.743,272.222,False,True,75,4,3,1,2,2,0,2,1,1,4,3,0,0,75.0,25.0
9,3,3,3,16:24:32.743,16:28:34.066,241.323,False,True,75,5,4,1,2,2,0,3,2,1,4,3,0,0,80.0,20.0
9,3,3,4,16:28:34.066,16:30:37.739,123.673,False,True,75,4,3,1,2,2,0,2,1,1,4,3,0,0,75.0,25.0
